evidence_status,synthetic,model,pair,strategy,budget_seconds,K,p,Y,risk_increases,risk_decreases,K_0,p_0,Y_0,delta_Y,precision_threshold,precision_threshold_gt_one,upfront_seconds,audit_seconds,required_seconds,unspent_seconds,overhead_exceeds_budget,decomposition_status,precision_gain,capacity_loss
historical_observation,False,granite,2101-2114,direct,83.6663481220603,300,0.18333333333333332,55,19,36,300,0.18333333333333332,55,0,0.18333333333333332,False,0.0009467154741287231,83.46036181971431,83.46130853518844,0.20503958687186344,False,defined,0,0
historical_observation,False,granite,2101-2114,loss,83.6663481220603,80,0.625,50,20,30,300,0.18333333333333332,55,-5,0.6875,False,61.14055571705103,22.52579240500927,83.6663481220603,3.8498e-15,False,defined,106/3,121/3
historical_observation,False,granite,2101-2114,primary,83.6663481220603,99,0.35353535353535354,35,11,24,300,0.18333333333333332,55,-20,0.5555555555555556,False,56.25359194725752,27.348702900111675,83.6022948473692,0.06405327469110796,False,defined,337/20,737/20
historical_observation,False,granite,2101-2114,norm,83.6663481220603,123,0.34146341463414637,42,19,23,300,0.18333333333333332,55,-13,0.44715447154471544,False,49.43015743792057,34.0903729274869,83.52053036540747,0.14581775665283547,False,defined,389/20,649/20
historical_observation,False,granite,2101-2114,paid_direct,83.6663481220603,284,0.19014084507042253,54,18,36,300,0.18333333333333332,55,-1,0.1936619718309859,False,4.227288354933262,79.18391210213304,83.4112004570663,0.2551476649940025,False,defined,29/15,44/15
historical_observation,False,granite,2101-2114,paid_loss,83.6663481220603,64,0.640625,41,18,23,300,0.18333333333333332,55,-14,0.859375,False,65.36689735651017,18.090683557093143,83.45758091360331,0.2087672084569971,False,defined,439/15,649/15
historical_observation,False,granite,2101-2114,paid_primary,83.6663481220603,83,0.37349397590361444,31,11,20,300,0.18333333333333332,55,-24,0.6626506024096386,False,60.47993358671665,22.92868299782276,83.40861658453942,0.25773153752088857,False,defined,947/60,2387/60
historical_observation,False,granite,2101-2114,paid_norm,83.6663481220603,108,0.3148148148148148,34,16,18,300,0.18333333333333332,55,-21,0.5092592592592593,False,53.6564990773797,29.845976941287518,83.50247601866722,0.1638721033930815,False,defined,71/5,176/5
historical_observation,False,granite,2108-2112,direct,83.6663481220603,303,0.13861386138613863,42,20,22,303,0.13861386138613863,42,0,0.13861386138613863,False,0.0020539090037345886,83.455241587013,83.45729549601674,0.20905262604355923,False,defined,0,0
historical_observation,False,granite,2108-2112,loss,83.6663481220603,77,0.4675324675324675,36,19,17,303,0.13861386138613863,42,-6,0.5454545454545454,False,61.6280924603343,21.82058109715581,83.44867355749011,0.21767456457019016,False,defined,2558/101,3164/101
historical_observation,False,granite,2108-2112,primary,83.6663481220603,101,0.26732673267326734,27,11,16,303,0.13861386138613863,42,-15,0.4158415841584158,False,55.201897613704205,28.419850535690784,83.62174814939499,0.04459997266530947,False,defined,13,28
historical_observation,False,granite,2108-2112,norm,83.6663481220603,122,0.27049180327868855,33,15,18,303,0.13861386138613863,42,-9,0.3442622950819672,False,49.33704386278987,34.32467969506979,83.66172355785966,0.004624564200640759,False,defined,1625/101,2534/101
historical_observation,False,granite,2108-2112,paid_direct,83.6663481220603,289,0.1384083044982699,40,18,22,303,0.13861386138613863,42,-2,0.1453287197231834,False,4.009654898941517,79.65417391806841,83.66382881700993,0.0025193050503740312,False,defined,-6/101,196/101
historical_observation,False,granite,2108-2112,paid_loss,83.6663481220603,63,0.49206349206349204,31,17,14,303,0.13861386138613863,42,-11,0.6666666666666666,False,65.63569345027209,18.004479449242353,83.64017289951444,0.026175222545863543,False,defined,2249/101,3360/101
historical_observation,False,granite,2108-2112,paid_primary,83.6663481220603,85,0.25882352941176473,22,9,13,303,0.13861386138613863,42,-20,0.49411764705882355,False,59.20949860364199,24.323431499302387,83.53293010294438,0.13341801911592416,False,defined,1032/101,3052/101
historical_observation,False,granite,2108-2112,paid_norm,83.6663481220603,107,0.2897196261682243,31,15,16,303,0.13861386138613863,42,-11,0.3925233644859813,False,53.344644852727654,30.173087894916534,83.51773274764419,0.1486153744161137,False,defined,1633/101,2744/101
historical_observation,False,granite,2111-2113,direct,83.6663481220603,287,0.17770034843205576,51,17,34,287,0.17770034843205576,51,0,0.17770034843205576,False,0.0020501315593719482,83.52052893489599,83.52257906645536,0.1437690556049358,False,defined,0,0
historical_observation,False,granite,2111-2113,loss,83.6663481220603,79,0.4936708860759494,39,15,24,287,0.17770034843205576,51,-12,0.6455696202531646,False,60.89666819944978,22.37458423152566,83.27125243097544,0.3950956910848623,False,defined,7164/287,10608/287
historical_observation,False,granite,2111-2113,primary,83.6663481220603,106,0.2830188679245283,30,7,23,287,0.17770034843205576,51,-21,0.4811320754716981,False,52.9995090700686,30.233066715300083,83.23257578536868,0.4337723366916193,False,defined,3204/287,9231/287
historical_observation,False,granite,2111-2113,norm,83.6663481220603,122,0.29508196721311475,36,12,24,287,0.17770034843205576,51,-15,0.4180327868852459,False,48.586369916796684,35.032035022974014,83.6184049397707,0.04794318228960119,False,defined,4110/287,8415/287
historical_observation,False,granite,2111-2113,paid_direct,83.6663481220603,273,0.1794871794871795,49,16,33,287,0.17770034843205576,51,-2,0.18681318681318682,False,4.205380976945162,79.23227287456393,83.4376538515091,0.22869427055120561,False,defined,20/41,102/41
historical_observation,False,granite,2111-2113,paid_loss,83.6663481220603,65,0.49230769230769234,32,14,18,287,0.17770034843205576,51,-19,0.7846153846153846,False,65.09999904483557,18.45972689241171,83.55972593724728,0.10662218481302295,False,defined,5869/287,11322/287
historical_observation,False,granite,2111-2113,paid_primary,83.6663481220603,92,0.29347826086956524,27,7,20,287,0.17770034843205576,51,-24,0.5543478260869565,False,57.20283991545439,26.276560373604298,83.47940028905869,0.18694783300161483,False,defined,3057/287,9945/287
historical_observation,False,granite,2111-2113,paid_norm,83.6663481220603,109,0.29357798165137616,32,12,20,287,0.17770034843205576,51,-19,0.46788990825688076,False,52.78970076218248,30.764929365366697,83.55463012754917,0.1117179945111282,False,defined,3625/287,9078/287
historical_observation,False,granite,7101-7102,direct,83.6663481220603,133,0.6766917293233082,90,0,90,133,0.6766917293233082,90,0,0.6766917293233082,False,0.002069815993309021,83.35347620770335,83.35554602369666,0.31080209836363887,False,defined,0,0
historical_observation,False,granite,7101-7102,loss,83.6663481220603,33,0.696969696969697,23,0,23,133,0.6766917293233082,90,-67,2.727272727272727,True,62.437783729285,20.67721028625965,83.11499401554465,0.5513541065156488,False,defined,89/133,9000/133
historical_observation,False,granite,7101-7102,primary,83.6663481220603,47,0.48936170212765956,23,0,23,133,0.6766917293233082,90,-67,1.9148936170212767,True,54.39932708442211,29.080131571739912,83.47945865616202,0.18688946589827649,False,defined,-1171/133,7740/133
historical_observation,False,granite,7101-7102,norm,83.6663481220603,54,0.4444444444444444,24,0,24,133,0.6766917293233082,90,-66,1.6666666666666667,True,49.98965686932206,32.995037857443094,82.98469472676516,0.681653395295144,False,defined,-1668/133,7110/133
historical_observation,False,granite,7101-7102,paid_direct,83.6663481220603,125,0.656,82,0,82,133,0.6766917293233082,90,-8,0.72,False,4.416899130493403,78.71269723400474,83.12959636449814,0.536751757562161,False,defined,-344/133,720/133
historical_observation,False,granite,7101-7102,paid_loss,83.6663481220603,26,0.6153846153846154,16,0,16,133,0.6766917293233082,90,-74,3.4615384615384617,True,66.8526130437851,16.476541195064783,83.32915423884988,0.33719388321042293,False,defined,-212/133,9630/133
historical_observation,False,granite,7101-7102,paid_primary,83.6663481220603,39,0.41025641025641024,16,0,16,133,0.6766917293233082,90,-74,2.3076923076923075,True,58.81415639892221,24.591367166489363,83.40552356541157,0.2608245566487318,False,defined,-1382/133,8460/133
historical_observation,False,granite,7101-7102,paid_norm,83.6663481220603,48,0.3958333333333333,19,0,19,133,0.6766917293233082,90,-71,1.875,True,54.40448618382216,29.055468805134296,83.45995498895645,0.20639313310384796,False,defined,-1793/133,7650/133
historical_observation,False,granite,7103-7104,direct,83.6663481220603,299,0.1705685618729097,51,22,29,299,0.1705685618729097,51,0,0.1705685618729097,False,0.002234727144241333,83.57029953598976,83.572534263134,0.09381385892629712,False,defined,0,0
historical_observation,False,granite,7103-7104,loss,83.6663481220603,85,0.4823529411764706,41,19,22,299,0.1705685618729097,51,-10,0.6,False,60.19436161965132,23.209625579416752,83.40398719906807,0.26236092299222746,False,defined,7924/299,10914/299
historical_observation,False,granite,7103-7104,primary,83.6663481220603,103,0.30097087378640774,31,13,18,299,0.1705685618729097,51,-20,0.49514563106796117,False,55.36667571589351,28.034906532615423,83.40158224850893,0.26476587355136927,False,defined,4016/299,9996/299
historical_observation,False,granite,7103-7104,norm,83.6663481220603,126,0.30158730158730157,38,19,19,299,0.1705685618729097,51,-13,0.40476190476190477,False,49.236096650362015,34.42658272758126,83.66267937794328,0.0036687441170223226,False,defined,4936/299,8823/299
historical_observation,False,granite,7103-7104,paid_direct,83.6663481220603,284,0.16901408450704225,48,19,29,299,0.1705685618729097,51,-3,0.1795774647887324,False,4.066965860128403,79.51050855964422,83.57747441977263,0.0888737022876747,False,defined,-132/299,765/299
historical_observation,False,granite,7103-7104,paid_loss,83.6663481220603,71,0.49295774647887325,35,17,18,299,0.1705685618729097,51,-16,0.7183098591549296,False,64.25909275263548,19.199086643755436,83.45817939639092,0.20816872566938177,False,defined,6844/299,11628/299
historical_observation,False,granite,7103-7104,paid_primary,83.6663481220603,88,0.3181818181818182,28,12,16,299,0.1705685618729097,51,-23,0.5795454545454546,False,59.43140684887767,24.019150014966726,83.4505568638444,0.21579125821590459,False,defined,3884/299,10761/299
historical_observation,False,granite,7103-7104,paid_norm,83.6663481220603,111,0.2882882882882883,32,16,16,299,0.1705685618729097,51,-19,0.4594594594594595,False,53.30082778334618,30.333461951464415,83.6342897348106,0.032058387249708706,False,defined,3907/299,9588/299
historical_observation,False,granite,7105-7106,direct,83.6663481220603,300,0.15,45,18,27,300,0.15,45,0,0.15,False,0.0023152045905590057,83.54869106411934,83.5510062687099,0.11534185335040203,False,defined,0,0
historical_observation,False,granite,7105-7106,loss,83.6663481220603,75,0.5333333333333333,40,13,27,300,0.15,45,-5,0.6,False,62.89373278617859,20.68634070828557,83.58007349446416,0.08627462759614055,False,defined,115/4,135/4
historical_observation,False,granite,7105-7106,primary,83.6663481220603,100,0.34,34,11,23,300,0.15,45,-11,0.45,False,55.90057962760329,27.76274372637272,83.66332335397601,0.0030247680842886843,False,defined,19,30
historical_observation,False,granite,7105-7106,norm,83.6663481220603,122,0.30327868852459017,37,14,23,300,0.15,45,-8,0.36885245901639346,False,49.66940197348595,33.99527361616492,83.66467558965087,0.001672532409433959,False,defined,187/10,267/10
historical_observation,False,granite,7105-7106,paid_direct,83.6663481220603,285,0.15087719298245614,43,18,25,300,0.15,45,-2,0.15789473684210525,False,4.2495999306440355,79.35755867138505,83.60715860202909,0.059189520031214714,False,defined,1/4,9/4
historical_observation,False,granite,7105-7106,paid_loss,83.6663481220603,59,0.5423728813559322,32,11,21,300,0.15,45,-13,0.7627118644067796,False,67.14101751223207,16.347962111234665,83.48897962346673,0.1773684985935692,False,defined,463/20,723/20
historical_observation,False,granite,7105-7106,paid_primary,83.6663481220603,84,0.32142857142857145,27,10,17,300,0.15,45,-18,0.5357142857142857,False,60.14786435365677,23.411147091537714,83.55901144519449,0.10733667686581695,False,defined,72/5,162/5
historical_observation,False,granite,7105-7106,paid_norm,83.6663481220603,106,0.32075471698113206,34,14,20,300,0.15,45,-11,0.42452830188679247,False,53.91668669953942,29.539876118302345,83.45656281784177,0.20978530421853486,False,defined,181/10,291/10
historical_observation,False,granite,7107-7108,direct,83.6663481220603,223,0.35874439461883406,80,7,73,223,0.35874439461883406,80,0,0.35874439461883406,False,0.0015692003071308136,83.43695102632046,83.43852022662759,0.22782789543271117,False,defined,0,0
historical_observation,False,granite,7107-7108,loss,83.6663481220603,66,0.4696969696969697,31,13,18,223,0.35874439461883406,80,-49,1.2121212121212122,True,62.6268941052258,20.835960671305656,83.46285477653146,0.2034933455288406,False,defined,1633/223,12560/223
historical_observation,False,granite,7107-7108,primary,83.6663481220603,74,0.3783783783783784,28,3,25,223,0.35874439461883406,80,-52,1.0810810810810811,True,56.53199842572212,26.850067768245935,83.38206619396806,0.2842819280922391,False,defined,324/223,11920/223
historical_observation,False,granite,7107-7108,norm,83.6663481220603,97,0.32989690721649484,32,8,24,223,0.35874439461883406,80,-48,0.8247422680412371,False,49.96365933120251,33.57517362758517,83.53883295878768,0.12751516327261747,False,defined,-624/223,10080/223
historical_observation,False,granite,7107-7108,paid_direct,83.6663481220603,210,0.3619047619047619,76,7,69,223,0.35874439461883406,80,-4,0.38095238095238093,False,4.618223544955254,78.95365048572421,83.57187403067947,0.09447409138083485,False,defined,148/223,1040/223
historical_observation,False,granite,7107-7108,paid_loss,83.6663481220603,51,0.5098039215686274,26,12,14,223,0.35874439461883406,80,-54,1.5686274509803921,True,67.24354844987393,16.419952996075153,83.66350144594908,0.0028466761112207,False,defined,1718/223,13760/223
historical_observation,False,granite,7107-7108,paid_primary,83.6663481220603,62,0.3387096774193548,21,2,19,223,0.35874439461883406,80,-59,1.2903225806451613,True,61.14865277037025,22.324608951807022,83.47326172217727,0.19308639988302942,False,defined,-277/223,12880/223
historical_observation,False,granite,7107-7108,paid_norm,83.6663481220603,82,0.2926829268292683,24,6,18,223,0.35874439461883406,80,-56,0.975609756097561,False,54.58031367585063,28.82141948118806,83.40173315703869,0.26461496502160836,False,defined,-1208/223,11280/223
historical_observation,False,granite,7109-7110,direct,83.6663481220603,152,0.7302631578947368,111,0,111,152,0.7302631578947368,111,0,0.7302631578947368,False,0.0020456835627555847,83.53809554874897,83.54014123231173,0.12620688974857466,False,defined,0,0
historical_observation,False,granite,7109-7110,loss,83.6663481220603,40,0.225,9,0,9,152,0.7302631578947368,111,-102,2.775,True,62.02730913460255,21.101645685732365,83.12895482033491,0.5373933017253867,False,defined,-384/19,1554/19
historical_observation,False,granite,7109-7110,primary,83.6663481220603,48,0.625,30,0,30,152,0.7302631578947368,111,-81,2.3125,True,55.77784667164087,27.395441699773073,83.17328837141395,0.4930597506463509,False,defined,-96/19,1443/19
historical_observation,False,granite,7109-7110,norm,83.6663481220603,60,0.5333333333333333,32,0,32,152,0.7302631578947368,111,-79,1.85,True,49.59194850176573,33.62308568134904,83.21503418311477,0.45131393894553395,False,defined,-449/38,2553/38
historical_observation,False,granite,7109-7110,paid_direct,83.6663481220603,143,0.7342657342657343,105,0,105,152,0.7302631578947368,111,-6,0.7762237762237763,False,4.298618414252997,79.1464980468154,83.4451164610684,0.22123166099190833,False,defined,87/152,999/152
historical_observation,False,granite,7109-7110,paid_loss,83.6663481220603,33,0.12121212121212122,4,0,4,152,0.7302631578947368,111,-107,3.3636363636363638,True,66.32388186529279,17.14631252363324,83.47019438892603,0.19615373313426873,False,defined,-3055/152,13209/152
historical_observation,False,granite,7109-7110,paid_primary,83.6663481220603,40,0.6,24,0,24,152,0.7302631578947368,111,-87,2.775,True,60.07441940233112,23.04130495712161,83.11572435945273,0.5506237626075725,False,defined,-99/19,1554/19
historical_observation,False,granite,7109-7110,paid_norm,83.6663481220603,52,0.5384615384615384,28,0,28,152,0.7302631578947368,111,-83,2.1346153846153846,True,53.888521232455965,29.208758931607008,83.09728016406298,0.5690679579973241,False,defined,-379/38,2775/38
historical_observation,False,granite,7111-7112,direct,83.6663481220603,155,0.47096774193548385,73,9,64,155,0.47096774193548385,73,0,0.47096774193548385,False,0.00221378356218338,83.57807030901313,83.58028409257531,0.08606402948498837,False,defined,0,0
historical_observation,False,granite,7111-7112,loss,83.6663481220603,37,0.40540540540540543,15,3,12,155,0.47096774193548385,73,-58,1.972972972972973,True,63.061003874987364,19.55967726185918,82.62068113684654,1.045666985213761,False,defined,-376/155,8614/155
historical_observation,False,granite,7111-7112,primary,83.6663481220603,54,0.37037037037037035,20,2,18,155,0.47096774193548385,73,-53,1.3518518518518519,True,55.663825292140245,27.88212851434946,83.5459538064897,0.12039431557059303,False,defined,-842/155,7373/155
historical_observation,False,granite,7111-7112,norm,83.6663481220603,64,0.390625,25,6,19,155,0.47096774193548385,73,-48,1.140625,True,50.09847015887499,33.34896006807685,83.44743022695184,0.21891789510846274,False,defined,-797/155,6643/155
historical_observation,False,granite,7111-7112,paid_direct,83.6663481220603,148,0.47297297297297297,70,9,61,155,0.47096774193548385,73,-3,0.49324324324324326,False,4.272752397507429,78.77815203741193,83.05090443491936,0.6154436871409426,False,defined,46/155,511/155
historical_observation,False,granite,7111-7112,paid_loss,83.6663481220603,30,0.36666666666666664,11,2,9,155,0.47096774193548385,73,-62,2.433333333333333,True,67.33154248893261,16.19183349236846,83.52337598130107,0.1429721407592338,False,defined,-97/31,1825/31
historical_observation,False,granite,7111-7112,paid_primary,83.6663481220603,47,0.40425531914893614,19,2,17,155,0.47096774193548385,73,-54,1.553191489361702,True,59.934363906085494,23.1127552613616,83.0471191674471,0.6192289546132086,False,defined,-486/155,7884/155
historical_observation,False,granite,7111-7112,paid_norm,83.6663481220603,55,0.38181818181818183,21,5,16,155,0.47096774193548385,73,-52,1.3272727272727274,True,54.36900877282024,28.747873283922672,83.11688205674291,0.5494660653173934,False,defined,-152/31,1460/31
historical_observation,False,granite,7113-7114,direct,83.6663481220603,187,0.48663101604278075,91,4,87,187,0.48663101604278075,91,0,0.48663101604278075,False,0.002238806337118149,83.20880281552672,83.21104162186384,0.45530650019645796,False,defined,0,0
historical_observation,False,granite,7113-7114,loss,83.6663481220603,51,0.6470588235294118,33,4,29,187,0.48663101604278075,91,-58,1.7843137254901962,True,60.36473702266812,22.996525403112173,83.3612624257803,0.3050856962800068,False,defined,90/11,728/11
historical_observation,False,granite,7113-7114,primary,83.6663481220603,71,0.4647887323943662,33,3,30,187,0.48663101604278075,91,-58,1.2816901408450705,True,53.76300308480859,29.51725449413061,83.2802575789392,0.3860905431210985,False,defined,-290/187,10556/187
historical_observation,False,granite,7113-7114,norm,83.6663481220603,84,0.4642857142857143,39,5,34,187,0.48663101604278075,91,-52,1.0833333333333333,True,47.8070571385324,35.652157351374626,83.45921448990703,0.2071336321532764,False,defined,-351/187,9373/187
historical_observation,False,granite,7113-7114,paid_direct,83.6663481220603,178,0.4887640449438202,87,4,83,187,0.48663101604278075,91,-4,0.5112359550561798,False,4.196061466634274,79.0282564945519,83.22431796118617,0.44203016087412883,False,defined,71/187,819/187
historical_observation,False,granite,7113-7114,paid_loss,83.6663481220603,42,0.6666666666666666,28,4,24,187,0.48663101604278075,91,-63,2.1666666666666665,True,64.55855968296528,18.731642998754978,83.29020268172026,0.3761454403400457,False,defined,1414/187,13195/187
historical_observation,False,granite,7113-7114,paid_primary,83.6663481220603,60,0.45,27,2,25,187,0.48663101604278075,91,-64,1.5166666666666666,True,57.956825745105746,25.196975756436586,83.15380150154233,0.5125466205179674,False,defined,-411/187,11557/187
historical_observation,False,granite,7113-7114,paid_norm,83.6663481220603,72,0.4861111111111111,35,4,31,187,0.48663101604278075,91,-56,1.2638888888888888,True,52.00087979882955,30.96402681618929,82.96490661501885,0.7014415070414575,False,defined,-7/187,10465/187
historical_observation,False,granite,7115-7116,direct,83.6663481220603,136,0.7867647058823529,107,107,0,136,0.7867647058823529,107,0,0.7867647058823529,False,0.002056967467069626,83.57161594182253,83.5736729092896,0.09267521277070187,False,defined,0,0
historical_observation,False,granite,7115-7116,loss,83.6663481220603,36,0.6111111111111112,22,22,0,136,0.7867647058823529,107,-85,2.9722222222222223,True,61.5132148116827,22.114367689937353,83.62758250162005,0.038765620440245264,False,defined,-215/34,2675/34
historical_observation,False,granite,7115-7116,primary,83.6663481220603,46,0.41304347826086957,19,19,0,136,0.7867647058823529,107,-88,2.3260869565217392,True,55.647234339267015,27.687201146036386,83.3344354853034,0.33191263675689847,False,defined,-1169/68,4815/68
historical_observation,False,granite,7115-7116,norm,83.6663481220603,54,0.6111111111111112,33,33,0,136,0.7867647058823529,107,-74,1.9814814814814814,True,50.35000325739384,32.914485566318035,83.26448882371187,0.4018592983484293,False,defined,-645/68,4387/68
historical_observation,False,granite,7115-7116,paid_direct,83.6663481220603,128,0.7734375,99,99,0,136,0.7867647058823529,107,-8,0.8359375,False,4.566180516779423,78.34249724820256,82.90867776498199,0.7576703570783153,False,defined,-29/17,107/17
historical_observation,False,granite,7115-7116,paid_loss,83.6663481220603,28,0.5,14,14,0,136,0.7867647058823529,107,-93,3.8214285714285716,True,66.07733836099506,17.2036061771214,83.28094453811646,0.38540358394384455,False,defined,-273/34,2889/34
historical_observation,False,granite,7115-7116,paid_primary,83.6663481220603,39,0.38461538461538464,15,15,0,136,0.7867647058823529,107,-92,2.7435897435897436,True,60.21135788857937,23.37977660447359,83.59113449305296,0.07521362900734105,False,defined,-2133/136,10379/136
historical_observation,False,granite,7115-7116,paid_norm,83.6663481220603,47,0.6382978723404256,30,30,0,136,0.7867647058823529,107,-77,2.276595744680851,True,54.914126806706186,28.736577481031418,83.65070428773761,0.01564383432269361,False,defined,-949/136,9523/136
historical_observation,False,granite,7117-7118,direct,83.6663481220603,164,0.6158536585365854,101,98,3,164,0.6158536585365854,101,0,0.6158536585365854,False,0.0022308900952339172,83.57527908682823,83.57750997692347,0.08883814513683483,False,defined,0,0
historical_observation,False,granite,7117-7118,loss,83.6663481220603,39,0.358974358974359,14,13,1,164,0.6158536585365854,101,-87,2.58974358974359,True,61.95977534726262,21.301127150654793,83.26090249791741,0.40544562414288665,False,defined,-1643/164,12625/164
historical_observation,False,granite,7117-7118,primary,83.6663481220603,55,0.4727272727272727,26,21,5,164,0.6158536585365854,101,-75,1.8363636363636364,True,54.048838172107935,29.18350162729621,83.23233979940414,0.43400832265615263,False,defined,-1291/164,11009/164
historical_observation,False,granite,7117-7118,norm,83.6663481220603,63,0.47619047619047616,30,29,1,164,0.6158536585365854,101,-71,1.6031746031746033,True,49.78300281241536,33.82663515582681,83.60963796824217,0.05671015381813316,False,defined,-1443/164,10201/164
historical_observation,False,granite,7117-7118,paid_direct,83.6663481220603,155,0.6129032258064516,95,92,3,164,0.6158536585365854,101,-6,0.6516129032258065,False,4.186507974565029,79.21324969828129,83.39975767284632,0.2665904492139835,False,defined,-75/164,909/164
historical_observation,False,granite,7117-7118,paid_loss,83.6663481220603,31,0.3870967741935484,12,11,1,164,0.6158536585365854,101,-89,3.2580645161290325,True,66.14405243173242,17.10815840959549,83.25221084132791,0.4141372807323949,False,defined,-1163/164,13433/164
historical_observation,False,granite,7117-7118,paid_primary,83.6663481220603,47,0.46808510638297873,22,19,3,164,0.6158536585365854,101,-79,2.148936170212766,True,58.23311525657773,24.917241644114256,83.15035690069199,0.515991221368311,False,defined,-1139/164,11817/164
historical_observation,False,granite,7117-7118,paid_norm,83.6663481220603,54,0.5,27,26,1,164,0.6158536585365854,101,-74,1.8703703703703705,True,53.96727989688515,29.07176872342825,83.03904862031341,0.6272995017468959,False,defined,-513/82,5555/82
historical_observation,False,granite,7119-7120,direct,83.6663481220603,302,0.2052980132450331,62,15,47,302,0.2052980132450331,62,0,0.2052980132450331,False,0.0011020228266716003,83.58383403345942,83.5849360562861,0.0814120657742032,False,defined,0,0
historical_observation,False,granite,7119-7120,loss,83.6663481220603,80,0.5375,43,7,36,302,0.2052980132450331,62,-19,0.775,False,61.457870218902826,22.19832556322217,83.656195782125,0.010152339935304174,False,defined,4013/151,6882/151
historical_observation,False,granite,7119-7120,primary,83.6663481220603,104,0.3269230769230769,34,5,29,302,0.2052980132450331,62,-28,0.5961538461538461,False,54.64016588404775,28.847287081182003,83.48745296522975,0.1788951568305476,False,defined,1910/151,6138/151
historical_observation,False,granite,7119-7120,norm,83.6663481220603,126,0.29365079365079366,37,7,30,302,0.2052980132450331,62,-25,0.49206349206349204,False,48.738747015595436,34.849879663437605,83.58862667903304,0.07772144302725731,False,defined,1681/151,5456/151
historical_observation,False,granite,7119-7120,paid_direct,83.6663481220603,286,0.20279720279720279,58,13,45,302,0.2052980132450331,62,-4,0.21678321678321677,False,4.471468743681908,79.0851450227201,83.55661376640201,0.1097343556582937,False,defined,-108/151,496/151
historical_observation,False,granite,7119-7120,paid_loss,83.6663481220603,63,0.49206349206349204,31,6,25,302,0.2052980132450331,62,-31,0.9841269841269841,False,65.92823693975807,17.443726036697626,83.37196297645569,0.29438514560461193,False,defined,2728/151,7409/151
historical_observation,False,granite,7119-7120,paid_primary,83.6663481220603,88,0.32954545454545453,29,5,24,302,0.2052980132450331,62,-33,0.7045454545454546,False,59.110532604902986,24.43864618986845,83.54917879477144,0.11716932728886442,False,defined,1651/151,6634/151
historical_observation,False,granite,7119-7120,paid_norm,83.6663481220603,110,0.3,33,6,27,302,0.2052980132450331,62,-29,0.5636363636363636,False,53.209113736450675,30.406250420957804,83.61536415740848,0.05098396465182247,False,defined,1573/151,5952/151
historical_observation,False,granite,7121-7122,direct,83.6663481220603,301,0.15946843853820597,48,26,22,301,0.15946843853820597,48,0,0.15946843853820597,False,0.001114729791879654,83.58881311118603,83.58992784097791,0.07642028108239306,False,defined,0,0
historical_observation,False,granite,7121-7122,loss,83.6663481220603,74,0.6081081081081081,45,26,19,301,0.15946843853820597,48,-3,0.6486486486486487,False,62.851253751665354,20.567997086793184,83.41925083845854,0.24709728360176147,False,defined,9993/301,10896/301
historical_observation,False,granite,7121-7122,primary,83.6663481220603,99,0.31313131313131315,31,13,18,301,0.15946843853820597,48,-17,0.48484848484848486,False,56.03591484948993,27.572103291749954,83.60801814123988,0.0583299808204217,False,defined,4579/301,9696/301
historical_observation,False,granite,7121-7122,norm,83.6663481220603,120,0.30833333333333335,37,19,18,301,0.15946843853820597,48,-11,0.4,False,50.17777517437935,33.2672356441617,83.44501081854105,0.22133730351925002,False,defined,5377/301,8688/301
historical_observation,False,granite,7121-7122,paid_direct,83.6663481220603,286,0.16083916083916083,46,25,21,301,0.15946843853820597,48,-2,0.16783216783216784,False,4.307153724879027,79.32310790941119,83.63026163429022,0.03608648777008166,False,defined,118/301,720/301
historical_observation,False,granite,7121-7122,paid_loss,83.6663481220603,58,0.6379310344827587,37,21,16,301,0.15946843853820597,48,-11,0.8275862068965517,False,67.1572927467525,16.249255504459143,83.40654825121165,0.259799870848656,False,defined,8353/301,11664/301
historical_observation,False,granite,7121-7122,paid_primary,83.6663481220603,83,0.30120481927710846,25,9,16,301,0.15946843853820597,48,-23,0.5783132530120482,False,60.34195384457707,23.167713720351458,83.50966756492853,0.15668055713177134,False,defined,3541/301,10464/301
historical_observation,False,granite,7121-7122,paid_norm,83.6663481220603,105,0.3142857142857143,33,18,15,301,0.15946843853820597,48,-15,0.45714285714285713,False,54.4838141694665,29.07948264479637,83.56329681426287,0.10305130779743273,False,defined,699/43,1344/43
historical_observation,False,granite,7123-7124,direct,83.6663481220603,135,0.7185185185185186,97,0,97,135,0.7185185185185186,97,0,0.7185185185185186,False,0.0010966360569000244,83.65917881205678,83.66027544811368,0.006072673946620376,False,defined,0,0
historical_observation,False,granite,7123-7124,loss,83.6663481220603,35,0.5714285714285714,20,0,20,135,0.7185185185185186,97,-77,2.7714285714285714,True,61.99662337824702,21.26507417112589,83.26169754937291,0.4046505726873872,False,defined,-139/27,1940/27
historical_observation,False,granite,7123-7124,primary,83.6663481220603,46,0.5,23,0,23,135,0.7185185185185186,97,-74,2.108695652173913,True,54.78337696939707,28.55158805474639,83.33496502414346,0.33138309791684223,False,defined,-1357/135,8633/135
historical_observation,False,granite,7123-7124,norm,83.6663481220603,56,0.44642857142857145,25,0,25,135,0.7185185185185186,97,-72,1.7321428571428572,True,49.01391664892435,34.45863238722086,83.47254903614521,0.1937990859150897,False,defined,-2057/135,7663/135
historical_observation,False,granite,7123-7124,paid_direct,83.6663481220603,128,0.703125,90,0,90,135,0.7185185185185186,97,-7,0.7578125,False,4.106550671905279,79.22323193401098,83.32978260591626,0.3365655161440387,False,defined,-266/135,679/135
historical_observation,False,granite,7123-7124,paid_loss,83.6663481220603,29,0.4827586206896552,14,0,14,135,0.7185185185185186,97,-83,3.3448275862068964,True,66.1020774140954,17.422186333686113,83.52426374778152,0.1420843742787836,False,defined,-923/135,10282/135
historical_observation,False,granite,7123-7124,paid_primary,83.6663481220603,40,0.525,21,0,21,135,0.7185185185185186,97,-76,2.425,True,58.88883100524545,24.664336707443,83.55316771268845,0.11318040937185374,False,defined,-209/27,1843/27
historical_observation,False,granite,7123-7124,paid_norm,83.6663481220603,49,0.42857142857142855,21,0,21,135,0.7185185185185186,97,-76,1.9795918367346939,True,53.11937068477273,30.33298045769334,83.45235114246607,0.2139969795942319,False,defined,-1918/135,8342/135
historical_observation,False,granite,7125-7126,direct,83.6663481220603,308,0.15584415584415584,48,24,24,308,0.15584415584415584,48,0,0.15584415584415584,False,0.0019103959202766418,83.48870462924242,83.4906150251627,0.17573309689760302,False,defined,0,0
historical_observation,False,granite,7125-7126,loss,83.6663481220603,83,0.5421686746987951,45,19,26,308,0.15584415584415584,48,-3,0.5783132530120482,False,60.68995549529791,22.80867939442396,83.49863488972187,0.16771323233843222,False,defined,2469/77,2700/77
historical_observation,False,granite,7125-7126,primary,83.6663481220603,110,0.2818181818181818,31,11,20,308,0.15584415584415584,48,-17,0.43636363636363634,False,53.98102927207947,29.662647269666195,83.64367654174566,0.022671580314639797,False,defined,97/7,216/7
historical_observation,False,granite,7125-7126,norm,83.6663481220603,130,0.27692307692307694,36,17,19,308,0.15584415584415584,48,-12,0.36923076923076925,False,48.51888037472963,35.0057677179575,83.52464809268713,0.1417000293731682,False,defined,1212/77,2136/77
historical_observation,False,granite,7125-7126,paid_direct,83.6663481220603,293,0.16040955631399317,47,23,24,308,0.15584415584415584,48,-1,0.16382252559726962,False,3.945448000729084,79.51195765659213,83.45740565732122,0.208942464739085,False,defined,103/77,180/77
historical_observation,False,granite,7125-7126,paid_loss,83.6663481220603,68,0.5588235294117647,38,14,24,308,0.15584415584415584,48,-10,0.7058823529411765,False,64.63349310010672,18.720668859779835,83.35416195988655,0.3121861621737515,False,defined,2110/77,2880/77
historical_observation,False,granite,7125-7126,paid_primary,83.6663481220603,95,0.2736842105263158,26,8,18,308,0.15584415584415584,48,-22,0.5052631578947369,False,57.92456687688827,25.521728567779064,83.44629544466734,0.22005267739296294,False,defined,862/77,2556/77
historical_observation,False,granite,7125-7126,paid_norm,83.6663481220603,115,0.26956521739130435,31,15,16,308,0.15584415584415584,48,-17,0.41739130434782606,False,52.46241797953844,30.966974649578333,83.42939262911678,0.23695549294352433,False,defined,1007/77,2316/77
historical_observation,False,granite,7127-7128,direct,83.6663481220603,292,0.14726027397260275,43,24,19,292,0.14726027397260275,43,0,0.14726027397260275,False,0.001085575670003891,83.63090911880136,83.63199469447136,0.03435342758894045,False,defined,0,0
historical_observation,False,granite,7127-7128,loss,83.6663481220603,76,0.4868421052631579,37,20,17,292,0.14726027397260275,43,-6,0.5657894736842105,False,62.19115811958909,21.339479997754097,83.53063811734319,0.13571000471711261,False,defined,1884/73,2322/73
historical_observation,False,granite,7127-7128,primary,83.6663481220603,100,0.25,25,12,13,292,0.14726027397260275,43,-18,0.43,False,54.593604788184166,28.790944389998913,83.38454917818308,0.2817989438772219,False,defined,750/73,2064/73
historical_observation,False,granite,7127-7128,norm,83.6663481220603,116,0.22413793103448276,26,17,9,292,0.14726027397260275,43,-17,0.3706896551724138,False,50.0656611174345,33.51243310794234,83.57809422537684,0.08825389668345723,False,defined,651/73,1892/73
historical_observation,False,granite,7127-7128,paid_direct,83.6663481220603,276,0.15217391304347827,42,23,19,292,0.14726027397260275,43,-1,0.15579710144927536,False,4.276102670282126,79.21096982806921,83.48707249835134,0.17927562370896377,False,defined,99/73,172/73
historical_observation,False,granite,7127-7128,paid_loss,83.6663481220603,60,0.4666666666666667,28,13,15,292,0.14726027397260275,43,-15,0.7166666666666667,False,66.46617521420121,16.94870974496007,83.41488495916128,0.251463162899018,False,defined,1399/73,2494/73
historical_observation,False,granite,7127-7128,paid_primary,83.6663481220603,87,0.2413793103448276,21,9,12,292,0.14726027397260275,43,-22,0.4942528735632184,False,58.86862188279629,24.59471571072936,83.46333759352565,0.20301052853465215,False,defined,2391/292,8815/292
historical_observation,False,granite,7127-7128,paid_norm,83.6663481220603,102,0.24509803921568626,25,16,9,292,0.14726027397260275,43,-18,0.4215686274509804,False,54.34067821204662,29.03828416019678,83.37896237224341,0.28738574981689685,False,defined,1457/146,4085/146
historical_observation,False,granite,7129-7130,direct,83.6663481220603,302,0.16556291390728478,50,27,23,302,0.16556291390728478,50,0,0.16556291390728478,False,0.0018964111804962158,83.66284217685461,83.6647385880351,0.0016095340251932842,False,defined,0,0
historical_observation,False,granite,7129-7130,loss,83.6663481220603,81,0.5308641975308642,43,26,17,302,0.16556291390728478,50,-7,0.6172839506172839,False,61.78539385646582,21.779380962252617,83.56477481871843,0.10157330334186408,False,defined,4468/151,5525/151
historical_observation,False,granite,7129-7130,primary,83.6663481220603,101,0.2376237623762376,24,10,14,302,0.16556291390728478,50,-26,0.49504950495049505,False,55.89688702300191,27.74801265820861,83.64489968121052,0.02144844084978257,False,defined,1099/151,5025/151
historical_observation,False,granite,7129-7130,norm,83.6663481220603,120,0.21666666666666667,26,13,13,302,0.16556291390728478,50,-24,0.4166666666666667,False,50.55986279994249,33.05031672492623,83.61017952486873,0.05616859719157362,False,defined,926/151,4550/151
historical_observation,False,granite,7129-7130,paid_direct,83.6663481220603,286,0.16433566433566432,47,25,22,302,0.16556291390728478,50,-3,0.17482517482517482,False,4.197974433004856,79.30256711319089,83.50054154619575,0.16580657586455433,False,defined,-53/151,400/151
historical_observation,False,granite,7129-7130,paid_loss,83.6663481220603,65,0.6,39,22,17,302,0.16556291390728478,50,-11,0.7692307692307693,False,65.98147187829018,17.3632939979434,83.34476587623358,0.3215822458267196,False,defined,4264/151,5925/151
historical_observation,False,granite,7129-7130,paid_primary,83.6663481220603,86,0.23255813953488372,20,9,11,302,0.16556291390728478,50,-30,0.5813953488372093,False,60.09296504482627,23.56437475979328,83.65733980461955,0.00900831744074963,False,defined,870/151,5400/151
historical_observation,False,granite,7129-7130,paid_norm,83.6663481220603,104,0.22115384615384615,23,12,11,302,0.16556291390728478,50,-27,0.4807692307692308,False,54.755940821766856,28.68432255461812,83.44026337638498,0.2260847456753267,False,defined,873/151,4950/151
historical_observation,False,granite,7131-7132,direct,83.6663481220603,301,0.1362126245847176,41,23,18,301,0.1362126245847176,41,0,0.1362126245847176,False,0.0012732669711112976,83.45007402449846,83.45134729146957,0.21500083059072606,False,defined,0,0
historical_observation,False,granite,7131-7132,loss,83.6663481220603,80,0.5,40,22,18,301,0.1362126245847176,41,-1,0.5125,False,61.54842833429575,21.830399870872498,83.37882820516825,0.28751991689205275,False,defined,8760/301,9061/301
historical_observation,False,granite,7131-7132,primary,83.6663481220603,103,0.23300970873786409,24,15,9,301,0.1362126245847176,41,-17,0.39805825242718446,False,54.99466881155968,28.416548680514097,83.41121749207377,0.2551306299865262,False,defined,3001/301,8118/301
historical_observation,False,granite,7131-7132,norm,83.6663481220603,124,0.25,31,22,9,301,0.1362126245847176,41,-10,0.33064516129032256,False,49.50347592681646,34.112123407423496,83.61559933423996,0.050748787820342894,False,defined,4247/301,7257/301
historical_observation,False,granite,7131-7132,paid_direct,83.6663481220603,286,0.14335664335664336,41,23,18,301,0.1362126245847176,41,0,0.14335664335664336,False,4.240810167789459,79.3393287435174,83.58013891130686,0.08620921075344194,False,defined,615/301,615/301
historical_observation,False,granite,7131-7132,paid_loss,83.6663481220603,65,0.5692307692307692,37,20,17,301,0.1362126245847176,41,-4,0.6307692307692307,False,65.7879652351141,17.7691618129611,83.5571270480752,0.10922107398510073,False,defined,8472/301,9676/301
historical_observation,False,granite,7131-7132,paid_primary,83.6663481220603,88,0.23863636363636365,21,13,8,301,0.1362126245847176,41,-20,0.4659090909090909,False,59.23420571237803,24.168318569660187,83.40252428203821,0.2638238400220886,False,defined,2713/301,8733/301
historical_observation,False,granite,7131-7132,paid_norm,83.6663481220603,109,0.24770642201834864,27,21,6,301,0.1362126245847176,41,-14,0.3761467889908257,False,53.74301282763481,29.84036571905017,83.58337854668498,0.08296957537532222,False,defined,3658/301,7872/301
historical_observation,False,ministral,2102-2111,direct,121.29235630854964,232,0.6422413793103449,149,4,145,232,0.6422413793103449,149,0,0.6422413793103449,False,0.0012014955282211304,121.05909898132086,121.06030047684908,0.2320558317005614,False,defined,0,0
historical_observation,False,ministral,2102-2111,loss,121.29235630854964,66,0.2727272727272727,18,3,15,232,0.6422413793103449,149,-131,2.257575757575758,True,87.63326840475202,33.600458055734634,121.23372646048665,0.058629848062991735,False,defined,-2829/116,12367/116
historical_observation,False,ministral,2102-2111,primary,121.29235630854964,51,0.7058823529411765,36,0,36,232,0.6422413793103449,149,-113,2.9215686274509802,True,94.38845733553171,26.697780657559633,121.08623799309134,0.20611831545829726,False,defined,753/232,26969/232
historical_observation,False,ministral,2102-2111,norm,121.29235630854964,93,0.6666666666666666,62,0,62,232,0.6422413793103449,149,-87,1.6021505376344085,True,72.90056284889579,48.08969410508871,120.9902569539845,0.30209935456514336,False,defined,527/232,20711/232
historical_observation,False,ministral,2102-2111,paid_direct,121.29235630854964,216,0.6435185185185185,139,4,135,232,0.6422413793103449,149,-10,0.6898148148148148,False,8.439031180739402,112.74072848260403,121.17975966334343,0.11259664520621143,False,defined,8/29,298/29
historical_observation,False,ministral,2102-2111,paid_loss,121.29235630854964,49,0.2653061224489796,13,2,11,232,0.6422413793103449,149,-136,3.0408163265306123,True,96.0710980899632,24.824946280568838,120.89604437053204,0.396311938017607,False,defined,-4285/232,27267/232
historical_observation,False,ministral,2102-2111,paid_primary,121.29235630854964,35,0.7142857142857143,25,0,25,232,0.6422413793103449,149,-124,4.257142857142857,True,102.8262870207429,18.202611573040485,121.02889859378338,0.2634577147662639,False,defined,585/232,29353/232
historical_observation,False,ministral,2102-2111,paid_norm,121.29235630854964,77,0.6753246753246753,52,0,52,232,0.6422413793103449,149,-97,1.9350649350649352,True,81.33839253410697,39.90648237615824,121.24487491026521,0.04748139828443581,False,defined,591/232,23095/232
historical_observation,False,ministral,2102-2112,direct,121.29235630854964,228,0.5701754385964912,130,4,126,228,0.5701754385964912,130,0,0.5701754385964912,False,0.002436339855194092,120.9322275929153,120.93466393277049,0.35769237577914953,False,defined,0,0
historical_observation,False,ministral,2102-2112,loss,121.29235630854964,64,0.328125,21,6,15,228,0.5701754385964912,130,-109,2.03125,True,87.66176533326507,33.43858081102371,121.10034614428878,0.19201016426085896,False,defined,-883/57,5330/57
historical_observation,False,ministral,2102-2112,primary,121.29235630854964,49,0.7551020408163265,37,0,37,228,0.5701754385964912,130,-93,2.6530612244897958,True,94.44174989312887,26.61386178433895,121.05561167746782,0.23674463108181187,False,defined,1033/114,11635/114
historical_observation,False,ministral,2102-2112,norm,121.29235630854964,92,0.6195652173913043,57,0,57,228,0.5701754385964912,130,-73,1.4130434782608696,True,73.22194339334965,47.96762064471841,121.18956403806806,0.10279227048158561,False,defined,259/57,4420/57
historical_observation,False,ministral,2102-2112,paid_direct,121.29235630854964,212,0.5660377358490566,120,3,117,228,0.5701754385964912,130,-10,0.6132075471698113,False,8.510172416269778,112.7225385196507,121.23271093592048,0.05964537262916434,False,defined,-50/57,520/57
historical_observation,False,ministral,2102-2112,paid_loss,121.29235630854964,49,0.32653061224489793,16,4,12,228,0.5701754385964912,130,-114,2.6530612244897958,True,96.16950140967965,24.92994200065732,121.09944341033697,0.19291289821266697,False,defined,-1361/114,11635/114
historical_observation,False,ministral,2102-2112,paid_primary,121.29235630854964,32,0.78125,25,0,25,228,0.5701754385964912,130,-105,4.0625,True,102.94948596954346,17.897966001182795,120.84745197072625,0.44490433782338445,False,defined,385/57,6370/57
historical_observation,False,ministral,2102-2112,paid_norm,121.29235630854964,74,0.6621621621621622,49,0,49,228,0.5701754385964912,130,-81,1.7567567567567568,True,81.72967946976424,39.44642549753189,121.17610496729613,0.11625134125351935,False,defined,388/57,5005/57
historical_observation,False,ministral,2103-2105,direct,121.29235630854964,296,0.21283783783783783,63,37,26,296,0.21283783783783783,63,0,0.21283783783783783,False,0.001324772834777832,121.04979755356908,121.05112232640386,0.2412339821457838,False,defined,0,0
historical_observation,False,ministral,2103-2105,loss,121.29235630854964,84,0.5952380952380952,50,29,21,296,0.21283783783783783,63,-13,0.75,False,86.38504715636373,34.800069749355316,121.18511690571904,0.10723940283059336,False,defined,2377/74,3339/74
historical_observation,False,ministral,2103-2105,primary,121.29235630854964,67,0.13432835820895522,9,2,7,296,0.21283783783783783,63,-54,0.9402985074626866,False,93.83049000799656,27.307666402310133,121.13815641030669,0.15419989824295022,False,defined,-1557/296,14427/296
historical_observation,False,ministral,2103-2105,norm,121.29235630854964,118,0.0847457627118644,10,7,3,296,0.21283783783783783,63,-53,0.5338983050847458,False,72.95791583508253,48.20135806500912,121.15927390009165,0.13308240845799785,False,defined,-2237/148,5607/148
historical_observation,False,ministral,2103-2105,paid_direct,121.29235630854964,275,0.21454545454545454,59,35,24,296,0.21283783783783783,63,-4,0.2290909090909091,False,8.555502735823392,112.35727280378342,120.91277553960681,0.3795807689428315,False,defined,139/296,1323/296
historical_observation,False,ministral,2103-2105,paid_loss,121.29235630854964,63,0.5396825396825397,34,19,15,296,0.21283783783783783,63,-29,1.0,False,94.93922511935234,26.08559723570943,121.02482235506177,0.2675339534878668,False,defined,6095/296,14679/296
historical_observation,False,ministral,2103-2105,paid_primary,121.29235630854964,45,0.15555555555555556,7,1,6,296,0.21283783783783783,63,-56,1.4,True,102.38466797098518,18.56171489134431,120.94638286232949,0.3459734462201603,False,defined,-763/296,15813/296
historical_observation,False,ministral,2103-2105,paid_norm,121.29235630854964,96,0.052083333333333336,5,3,2,296,0.21283783783783783,63,-58,0.65625,False,81.51209379807113,39.41851174458861,120.93060554265975,0.3617507658898875,False,defined,-571/37,1575/37
historical_observation,False,ministral,7201-7202,direct,121.29235630854964,296,0.12162162162162163,36,19,17,296,0.12162162162162163,36,0,0.12162162162162163,False,0.0010203681886196136,121.144362449646,121.14538281783462,0.14697349071502402,False,defined,0,0
historical_observation,False,ministral,7201-7202,loss,121.29235630854964,82,0.4146341463414634,34,19,15,296,0.12162162162162163,36,-2,0.43902439024390244,False,87.20375710353255,33.86915108561516,121.07290818914771,0.21944811940192563,False,defined,889/37,963/37
historical_observation,False,ministral,7201-7202,primary,121.29235630854964,67,0.07462686567164178,5,0,5,296,0.12162162162162163,36,-31,0.5373134328358209,False,93.90810414403677,27.00442175939679,120.91252590343356,0.37983040511608035,False,defined,-233/74,2061/74
historical_observation,False,ministral,7201-7202,norm,121.29235630854964,116,0.0603448275862069,7,2,5,296,0.12162162162162163,36,-29,0.3103448275862069,False,73.90336365252733,47.11624329909682,121.01960695162416,0.2727493569254807,False,defined,-263/37,810/37
historical_observation,False,ministral,7201-7202,paid_direct,121.29235630854964,276,0.11594202898550725,32,18,14,296,0.12162162162162163,36,-4,0.13043478260869565,False,8.576904368400573,112.58005729317665,121.15696166157723,0.13539464697241615,False,defined,-58/37,90/37
historical_observation,False,ministral,7201-7202,paid_loss,121.29235630854964,61,0.4426229508196721,27,15,12,296,0.12162162162162163,36,-9,0.5901639344262295,False,95.77964110374451,25.237445548176765,121.01708665192128,0.2752696566283652,False,defined,1449/74,2115/74
historical_observation,False,ministral,7201-7202,paid_primary,121.29235630854964,46,0.10869565217391304,5,0,5,296,0.12162162162162163,36,-31,0.782608695652174,False,102.48398814424873,18.76995750889182,121.25394565314055,0.03841065540909799,False,defined,-22/37,1125/37
historical_observation,False,ministral,7201-7202,paid_norm,121.29235630854964,95,0.07368421052631578,7,2,5,296,0.12162162162162163,36,-29,0.37894736842105264,False,82.47924765273929,38.5753917619586,121.05463941469789,0.23771689385175143,False,defined,-337/74,1809/74
historical_observation,False,ministral,7203-7204,direct,121.29235630854964,291,0.12027491408934708,35,19,16,291,0.12027491408934708,35,0,0.12027491408934708,False,0.0024276375770568848,121.06113493442535,121.06356257200241,0.22879373654722912,False,defined,0,0
historical_observation,False,ministral,7203-7204,loss,121.29235630854964,80,0.3625,29,19,10,291,0.12027491408934708,35,-6,0.4375,False,87.9547540359199,33.14315204322338,121.09790607914329,0.1944502294063516,False,defined,5639/291,7385/291
historical_observation,False,ministral,7203-7204,primary,121.29235630854964,66,0.15151515151515152,10,2,8,291,0.12027491408934708,35,-25,0.5303030303030303,False,93.67600867524743,27.432736549526453,121.10874522477388,0.18361108377575758,False,defined,200/97,2625/97
historical_observation,False,ministral,7203-7204,norm,121.29235630854964,113,0.10619469026548672,12,8,4,291,0.12027491408934708,35,-23,0.30973451327433627,False,73.5638278350234,47.61127945780754,121.17510729283094,0.11724901571869419,False,defined,-463/291,6230/291
historical_observation,False,ministral,7203-7204,paid_direct,121.29235630854964,270,0.1259259259259259,34,19,15,291,0.12027491408934708,35,-1,0.12962962962962962,False,8.694916718453168,112.13818481191993,120.8331015303731,0.45925477817654453,False,defined,148/97,245/97
historical_observation,False,ministral,7203-7204,paid_loss,121.29235630854964,59,0.3389830508474576,20,14,6,291,0.12027491408934708,35,-15,0.5932203389830508,False,96.64724311679602,24.53727750480175,121.18452062159777,0.10783568695187137,False,defined,3755/291,8120/291
historical_observation,False,ministral,7203-7204,paid_primary,121.29235630854964,45,0.1111111111111111,5,0,5,291,0.12027491408934708,35,-30,0.7777777777777778,False,102.36849775612355,18.758036475628614,121.12653423175216,0.16582207679748517,False,defined,-40/97,2870/97
historical_observation,False,ministral,7203-7204,paid_norm,121.29235630854964,92,0.10869565217391304,10,7,3,291,0.12027491408934708,35,-25,0.3804347826086957,False,82.25631691589952,38.7364433594048,120.99276027530432,0.29959603324532175,False,defined,-310/291,6965/291
historical_observation,False,ministral,7205-7206,direct,121.29235630854964,294,0.17006802721088435,50,18,32,294,0.17006802721088435,50,0,0.17006802721088435,False,0.0012103654444217682,120.92460740730166,120.92581777274609,0.3665385358035543,False,defined,0,0
historical_observation,False,ministral,7205-7206,loss,121.29235630854964,80,0.5625,45,17,28,294,0.17006802721088435,50,-5,0.625,False,87.77248211577535,33.40111741423607,121.17359953001142,0.11875677853822907,False,defined,4615/147,5350/147
historical_observation,False,ministral,7205-7206,primary,121.29235630854964,65,0.1076923076923077,7,0,7,294,0.17006802721088435,50,-43,0.7692307692307693,False,94.35659037902951,26.69993058219552,121.05652096122503,0.23583534732460876,False,defined,-596/147,5725/147
historical_observation,False,ministral,7205-7206,norm,121.29235630854964,116,0.0603448275862069,7,4,3,294,0.17006802721088435,50,-43,0.43103448275862066,False,73.53661557286978,47.62960930168629,121.16622487455606,0.126131433993578,False,defined,-1871/147,4450/147
historical_observation,False,ministral,7205-7206,paid_direct,121.29235630854964,274,0.16423357664233576,45,14,31,294,0.17006802721088435,50,-5,0.18248175182481752,False,8.515935533493757,112.61440584808588,121.13034138157964,0.16201492697000322,False,defined,-235/147,500/147
historical_observation,False,ministral,7205-7206,paid_loss,121.29235630854964,59,0.5084745762711864,30,12,18,294,0.17006802721088435,50,-20,0.847457627118644,False,96.28720728382467,24.740835398435593,121.02804268226026,0.2643136262893702,False,defined,2935/147,5875/147
historical_observation,False,ministral,7205-7206,paid_primary,121.29235630854964,44,0.06818181818181818,3,0,3,294,0.17006802721088435,50,-47,1.1363636363636365,True,102.87131554707885,18.003153275698423,120.87446882277727,0.4178874857723708,False,defined,-659/147,6250/147
historical_observation,False,ministral,7205-7206,paid_norm,121.29235630854964,95,0.031578947368421054,3,3,0,294,0.17006802721088435,50,-47,0.5263157894736842,False,82.05134074091912,38.92884707823396,120.98018781915307,0.31216848939657266,False,defined,-1934/147,4975/147
historical_observation,False,ministral,7207-7208,direct,121.29235630854964,292,0.15753424657534246,46,26,20,292,0.15753424657534246,46,0,0.15753424657534246,False,0.0011811405420303345,121.03011194989085,121.03129309043288,0.2610632181167581,False,defined,0,0
historical_observation,False,ministral,7207-7208,loss,121.29235630854964,77,0.42857142857142855,33,14,19,292,0.15753424657534246,46,-13,0.5974025974025974,False,88.87319425493479,32.13005558028817,121.00324983522296,0.28910647332667677,False,defined,3047/146,4945/146
historical_observation,False,ministral,7207-7208,primary,121.29235630854964,64,0.15625,10,2,8,292,0.15753424657534246,46,-36,0.71875,False,94.8997015953064,26.329002525657415,121.22870412096381,0.06365218758583084,False,defined,-6/73,2622/73
historical_observation,False,ministral,7207-7208,norm,121.29235630854964,115,0.10434782608695652,12,8,4,292,0.15753424657534246,46,-34,0.4,False,73.37912357226014,47.51958241313696,120.8987059853971,0.39365032315253995,False,defined,-893/146,4071/146
historical_observation,False,ministral,7207-7208,paid_direct,121.29235630854964,271,0.15867158671586715,43,25,18,292,0.15753424657534246,46,-3,0.16974169741697417,False,8.481919673085212,112.5616243891418,121.04354406222701,0.24881224632262997,False,defined,45/146,483/146
historical_observation,False,ministral,7207-7208,paid_loss,121.29235630854964,57,0.42105263157894735,24,8,16,292,0.15753424657534246,46,-22,0.8070175438596491,False,97.35393278747797,23.76997185498476,121.12390464246273,0.16845166608690612,False,defined,2193/146,5405/146
historical_observation,False,ministral,7207-7208,paid_primary,121.29235630854964,43,0.11627906976744186,5,0,5,292,0.15753424657534246,46,-41,1.069767441860465,True,103.38044012784958,17.560108322650194,120.94054845049978,0.35180785804987,False,defined,-259/146,5727/146
historical_observation,False,ministral,7207-7208,paid_norm,121.29235630854964,95,0.07368421052631578,7,5,2,292,0.15753424657534246,46,-39,0.4842105263157895,False,81.85986210480333,39.027228854596615,120.88709095939994,0.4052653491497023,False,defined,-1163/146,4531/146
historical_observation,False,ministral,7209-7210,direct,121.29235630854964,297,0.1447811447811448,43,13,30,297,0.1447811447811448,43,0,0.1447811447811448,False,0.0011127293109893799,121.22945423051715,121.23056695982814,0.06178934872150182,False,defined,0,0
historical_observation,False,ministral,7209-7210,loss,121.29235630854964,82,0.524390243902439,43,10,33,297,0.1447811447811448,43,0,0.524390243902439,False,87.74860325828195,33.37915616109967,121.12775941938162,0.16459688916802157,False,defined,9245/297,9245/297
historical_observation,False,ministral,7209-7210,primary,121.29235630854964,65,0.09230769230769231,6,1,5,297,0.1447811447811448,43,-37,0.6615384615384615,False,94.51262506097555,26.548984047025442,121.061609108001,0.2307472005486448,False,defined,-1013/297,9976/297
historical_observation,False,ministral,7209-7210,norm,121.29235630854964,116,0.034482758620689655,4,3,1,297,0.1447811447811448,43,-39,0.3706896551724138,False,73.59447856247425,47.60735161602497,121.20183017849922,0.0905261300504159,False,defined,-3800/297,7783/297
historical_observation,False,ministral,7209-7210,paid_direct,121.29235630854964,276,0.13043478260869565,36,9,27,297,0.1447811447811448,43,-7,0.15579710144927536,False,8.587786917388438,112.64345683157444,121.23124374896288,0.06111255958676175,False,defined,-392/99,301/99
historical_observation,False,ministral,7209-7210,paid_loss,121.29235630854964,61,0.5737704918032787,35,9,26,297,0.1447811447811448,43,-8,0.7049180327868853,False,96.3352774463594,24.68228316307068,121.01756060943008,0.27479569911956614,False,defined,7772/297,10148/297
historical_observation,False,ministral,7209-7210,paid_primary,121.29235630854964,44,0.13636363636363635,6,1,5,297,0.1447811447811448,43,-37,0.9772727272727273,False,103.099299249053,18.019949194043875,121.11924844309688,0.17310786545276316,False,defined,-10/27,989/27
historical_observation,False,ministral,7209-7210,paid_norm,121.29235630854964,95,0.031578947368421054,3,3,0,297,0.1447811447811448,43,-40,0.45263157894736844,False,82.1811527505517,39.04278324171901,121.22393599227071,0.06842031627893039,False,defined,-3194/297,8686/297
historical_observation,False,ministral,7211-7212,direct,121.29235630854964,295,0.14576271186440679,43,14,29,295,0.14576271186440679,43,0,0.14576271186440679,False,0.0010673478245735168,121.00548056513071,121.00654791295528,0.2858083955943556,False,defined,0,0
historical_observation,False,ministral,7211-7212,loss,121.29235630854964,96,0.4895833333333333,47,16,31,295,0.14576271186440679,43,4,0.4479166666666667,False,81.652099031955,39.24900960549712,120.90110863745213,0.3912476710975103,False,defined,9737/295,8557/295
historical_observation,False,ministral,7211-7212,primary,121.29235630854964,67,0.029850746268656716,2,0,2,295,0.14576271186440679,43,-41,0.6417910447761194,False,93.62171260640025,27.543895162642002,121.16560776904225,0.12674853950739093,False,defined,-2291/295,9804/295
historical_observation,False,ministral,7211-7212,norm,121.29235630854964,115,0.02608695652173913,3,1,2,295,0.14576271186440679,43,-40,0.3739130434782609,False,73.92593215405941,47.180657513439655,121.10658966749907,0.1857666410505766,False,defined,-812/59,1548/59
historical_observation,False,ministral,7211-7212,paid_direct,121.29235630854964,275,0.13818181818181818,38,13,25,295,0.14576271186440679,43,-5,0.15636363636363637,False,8.593279816955327,112.5232514962554,121.11653131321073,0.17582499533891444,False,defined,-123/59,172/59
historical_observation,False,ministral,7211-7212,paid_loss,121.29235630854964,76,0.5,38,13,25,295,0.14576271186440679,43,-5,0.5657894736842105,False,90.24431150108576,31.004779689013958,121.24909119009972,0.043265118449920134,False,defined,7942/295,9417/295
historical_observation,False,ministral,7211-7212,paid_primary,121.29235630854964,46,0.043478260869565216,2,0,2,295,0.14576271186440679,43,-41,0.9347826086956522,False,102.213925075531,18.763608042150736,120.97753311768173,0.3148231908679033,False,defined,-1388/295,10707/295
historical_observation,False,ministral,7211-7212,paid_norm,121.29235630854964,95,0.021052631578947368,2,1,1,295,0.14576271186440679,43,-41,0.45263157894736844,False,82.51814462319017,38.769432570785284,121.28757719397545,0.0047791145741939,False,defined,-699/59,1720/59
historical_observation,False,ministral,7213-7214,direct,121.29235630854964,295,0.15593220338983052,46,21,25,295,0.15593220338983052,46,0,0.15593220338983052,False,0.0017120800912380219,121.23822302371264,121.23993510380387,0.05242120474576705,False,defined,0,0
historical_observation,False,ministral,7213-7214,loss,121.29235630854964,80,0.475,38,16,22,295,0.15593220338983052,46,-8,0.575,False,88.2787781842053,32.71417701989412,120.99295520409942,0.2994011044502211,False,defined,1506/59,1978/59
historical_observation,False,ministral,7213-7214,primary,121.29235630854964,66,0.06060606060606061,4,0,4,295,0.15593220338983052,46,-42,0.696969696969697,False,94.3525307700038,26.653743628412485,121.00627439841628,0.2860819101333603,False,defined,-1856/295,10534/295
historical_observation,False,ministral,7213-7214,norm,121.29235630854964,117,0.02564102564102564,3,0,3,295,0.15593220338983052,46,-43,0.39316239316239315,False,73.34258757904172,47.6136733815074,120.95626096054912,0.33609534800052837,False,defined,-4497/295,8188/295
historical_observation,False,ministral,7213-7214,paid_direct,121.29235630854964,274,0.1678832116788321,46,21,25,295,0.15593220338983052,46,0,0.1678832116788321,False,8.47246606349945,112.60657424107194,121.0790403045714,0.21331600397825057,False,defined,966/295,966/295
historical_observation,False,ministral,7213-7214,paid_loss,121.29235630854964,60,0.5,30,14,16,295,0.15593220338983052,46,-16,0.7666666666666667,False,96.74953216761351,24.530711352825165,121.28024352043867,0.012112788110967339,False,defined,1218/59,2162/59
historical_observation,False,ministral,7213-7214,paid_primary,121.29235630854964,45,0.06666666666666667,3,0,3,295,0.15593220338983052,46,-43,1.0222222222222221,True,102.82328475341201,18.115078385919333,120.93836313933134,0.3539931692183009,False,defined,-237/59,2300/59
historical_observation,False,ministral,7213-7214,paid_norm,121.29235630854964,97,0.030927835051546393,3,0,3,295,0.15593220338983052,46,-43,0.4742268041237113,False,81.81334156244992,39.478946436196566,121.29228799864649,6.83099031475037e-05,False,defined,-3577/295,9108/295
historical_observation,False,ministral,7215-7216,direct,121.29235630854964,285,0.22456140350877193,64,46,18,285,0.22456140350877193,64,0,0.22456140350877193,False,0.002159222960472107,121.2252805493772,121.22743977233768,0.0649165362119652,False,defined,0,0
historical_observation,False,ministral,7215-7216,loss,121.29235630854964,80,0.4625,37,30,7,285,0.22456140350877193,64,-27,0.8,False,87.65585922822356,33.54513222724199,121.20099145546556,0.09136485308408106,False,defined,1085/57,2624/57
historical_observation,False,ministral,7215-7216,primary,121.29235630854964,64,0.296875,19,14,5,285,0.22456140350877193,64,-45,1.0,False,94.17500081658363,26.83306961506605,121.00807043164968,0.28428587689995827,False,defined,1319/285,14144/285
historical_observation,False,ministral,7215-7216,norm,121.29235630854964,110,0.18181818181818182,20,16,4,285,0.22456140350877193,64,-44,0.5818181818181818,False,73.69793039560318,47.425320748239756,121.12325114384294,0.16910516470671064,False,defined,-268/57,2240/57
historical_observation,False,ministral,7215-7216,paid_direct,121.29235630854964,264,0.23106060606060605,61,45,16,285,0.22456140350877193,64,-3,0.24242424242424243,False,8.562629897892474,112.56898333132267,121.13161322921515,0.16074307933449616,False,defined,163/95,448/95
historical_observation,False,ministral,7215-7216,paid_loss,121.29235630854964,59,0.3559322033898305,21,21,0,285,0.22456140350877193,64,-43,1.0847457627118644,True,96.21632990315557,24.78706133365631,121.00339123681188,0.2889650717377609,False,defined,2209/285,14464/285
historical_observation,False,ministral,7215-7216,paid_primary,121.29235630854964,43,0.18604651162790697,8,7,1,285,0.22456140350877193,64,-56,1.4883720930232558,True,102.73547149151564,18.19069891422987,120.92617040574551,0.36618590280413793,False,defined,-472/285,15488/285
historical_observation,False,ministral,7215-7216,paid_norm,121.29235630854964,90,0.14444444444444443,13,10,3,285,0.22456140350877193,64,-51,0.7111111111111111,False,82.25840107053517,38.845065735280514,121.10346680581569,0.18888950273395047,False,defined,-137/19,832/19
historical_observation,False,ministral,7217-7218,direct,121.29235630854964,296,0.17905405405405406,53,22,31,296,0.17905405405405406,53,0,0.17905405405405406,False,0.0011704638600349426,121.12916948646307,121.1303399503231,0.16201635822653504,False,defined,0,0
historical_observation,False,ministral,7217-7218,loss,121.29235630854964,79,0.45569620253164556,36,15,21,296,0.17905405405405406,53,-17,0.6708860759493671,False,88.89969108253717,32.3587913736701,121.25848245620728,0.033873852342367596,False,defined,6469/296,11501/296
historical_observation,False,ministral,7217-7218,primary,121.29235630854964,66,0.10606060606060606,7,0,7,296,0.17905405405405406,53,-46,0.803030303030303,False,94.1632051281631,26.745386242866516,120.90859137102962,0.38376493752002827,False,defined,-713/148,6095/148
historical_observation,False,ministral,7217-7218,norm,121.29235630854964,117,0.08547008547008547,10,4,6,296,0.17905405405405406,53,-43,0.452991452991453,False,73.62320115044713,47.49454712495208,121.11774827539921,0.17460803315043616,False,defined,-3241/296,9487/296
historical_observation,False,ministral,7217-7218,paid_direct,121.29235630854964,275,0.17454545454545456,48,22,26,296,0.17905405405405406,53,-5,0.19272727272727272,False,8.624643997102975,112.39906136319041,121.02370536029339,0.26865094825625246,False,defined,-367/296,1113/296
historical_observation,False,ministral,7217-7218,paid_loss,121.29235630854964,58,0.46551724137931033,27,10,17,296,0.17905405405405406,53,-26,0.9137931034482759,False,97.52316461578012,23.674395691603422,121.19756030738354,0.09479600116610656,False,defined,2459/148,6307/148
historical_observation,False,ministral,7217-7218,paid_primary,121.29235630854964,46,0.10869565217391304,5,0,5,296,0.17905405405405406,53,-48,1.1521739130434783,True,102.78667866140603,18.435697499662638,121.22237616106867,0.06998014748096673,False,defined,-479/148,6625/148
historical_observation,False,ministral,7217-7218,paid_norm,121.29235630854964,96,0.052083333333333336,5,1,4,296,0.17905405405405406,53,-48,0.5520833333333334,False,82.24667468369006,38.92153665795922,121.16821134164928,0.12414496690035129,False,defined,-451/37,1325/37
historical_observation,False,ministral,7219-7220,direct,121.29235630854964,296,0.19256756756756757,57,16,41,296,0.19256756756756757,57,0,0.19256756756756757,False,0.0010017231106758118,120.89254678413272,120.8935485072434,0.39880780130624544,False,defined,0,0
historical_observation,False,ministral,7219-7220,loss,121.29235630854964,78,0.6025641025641025,47,11,36,296,0.19256756756756757,57,-10,0.7307692307692307,False,88.68705476820469,32.298141065984964,120.98519583418965,0.3071604743599845,False,defined,4733/148,6213/148
historical_observation,False,ministral,7219-7220,primary,121.29235630854964,67,0.13432835820895522,9,2,7,296,0.19256756756756757,57,-48,0.8507462686567164,False,93.19633325561881,27.747770830988884,120.9441040866077,0.34825222194194394,False,defined,-1155/296,13053/296
historical_observation,False,ministral,7219-7220,norm,121.29235630854964,117,0.05982905982905983,7,2,5,296,0.19256756756756757,57,-50,0.48717948717948717,False,72.94633426144719,48.26470144838095,121.21103570982814,0.08132059872150386,False,defined,-4597/296,10203/296
historical_observation,False,ministral,7219-7220,paid_direct,121.29235630854964,275,0.18545454545454546,51,14,37,296,0.19256756756756757,57,-6,0.20727272727272728,False,8.70801059603691,112.23968172818422,120.94769232422114,0.3446639843285072,False,defined,-579/296,1197/296
historical_observation,False,ministral,7219-7220,paid_loss,121.29235630854964,57,0.543859649122807,31,9,22,296,0.19256756756756757,57,-26,1.0,False,97.39406364113093,23.5517635345459,120.94582717567683,0.34652913287281645,False,defined,5927/296,13623/296
historical_observation,False,ministral,7219-7220,paid_primary,121.29235630854964,46,0.13043478260869565,6,2,4,296,0.19256756756756757,57,-51,1.2391304347826086,True,101.90334212854505,19.108292885124683,121.01163501366973,0.28072129487991043,False,defined,-423/148,7125/148
historical_observation,False,ministral,7219-7220,paid_norm,121.29235630854964,96,0.041666666666666664,4,1,3,296,0.19256756756756757,57,-53,0.59375,False,81.65334313437343,39.604491986334324,121.25783512070775,0.03452118784189311,False,defined,-536/37,1425/37
historical_observation,False,ministral,7221-7222,direct,121.29235630854964,274,0.3029197080291971,83,63,20,274,0.3029197080291971,83,0,0.3029197080291971,False,0.0022989660501480103,121.01516095921397,121.01745992526412,0.27489638328551985,False,defined,0,0
historical_observation,False,ministral,7221-7222,loss,121.29235630854964,74,0.5405405405405406,40,26,14,274,0.3029197080291971,83,-43,1.1216216216216217,True,87.75390929728746,33.2183655500412,120.97227484732866,0.32008146122098063,False,defined,2409/137,8300/137
historical_observation,False,ministral,7221-7222,primary,121.29235630854964,63,0.15873015873015872,10,6,4,274,0.3029197080291971,83,-73,1.3174603174603174,True,94.17537448555231,26.81695429980755,120.99232878535986,0.300027523189779,False,defined,-2489/274,17513/274
historical_observation,False,ministral,7221-7222,norm,121.29235630854964,110,0.18181818181818182,20,17,3,274,0.3029197080291971,83,-63,0.7545454545454545,False,73.12631049752235,47.859546542167664,120.98585703969002,0.3064992688596265,False,defined,-1825/137,6806/137
historical_observation,False,ministral,7221-7222,paid_direct,121.29235630854964,254,0.3110236220472441,79,60,19,274,0.3029197080291971,83,-4,0.32677165354330706,False,8.578709089010953,112.41967165470123,120.99838074371219,0.2939755648374541,False,defined,282/137,830/137
historical_observation,False,ministral,7221-7222,paid_loss,121.29235630854964,56,0.5714285714285714,32,20,12,274,0.3029197080291971,83,-51,1.4821428571428572,True,96.33031942024826,24.359392799437046,120.6897122196853,0.6026440888643283,False,defined,2060/137,9047/137
historical_observation,False,ministral,7221-7222,paid_primary,121.29235630854964,43,0.18604651162790697,8,5,3,274,0.3029197080291971,83,-75,1.930232558139535,True,102.75178460851312,18.262078005820513,121.01386261433363,0.27849369421600967,False,defined,-1377/274,19173/274
historical_observation,False,ministral,7221-7222,paid_norm,121.29235630854964,90,0.16666666666666666,15,14,1,274,0.3029197080291971,83,-68,0.9222222222222223,False,81.70272062048315,39.331745099276304,121.03446571975945,0.25789058879018084,False,defined,-1680/137,7636/137
historical_observation,False,ministral,7223-7224,direct,121.29235630854964,293,0.11945392491467577,35,15,20,293,0.11945392491467577,35,0,0.11945392491467577,False,0.0021433867514133453,121.02104054391384,121.02318393066525,0.26917237788438525,False,defined,0,0
historical_observation,False,ministral,7223-7224,loss,121.29235630854964,78,0.3974358974358974,31,13,18,293,0.11945392491467577,35,-4,0.44871794871794873,False,88.63255509361625,32.30745590478182,120.94001099839807,0.35234531015157255,False,defined,6353/293,7525/293
historical_observation,False,ministral,7223-7224,primary,121.29235630854964,65,0.06153846153846154,4,0,4,293,0.11945392491467577,35,-31,0.5384615384615384,False,94.23747991025448,26.7770329490304,121.01451285928488,0.2778434492647625,False,defined,-1103/293,7980/293
historical_observation,False,ministral,7223-7224,norm,121.29235630854964,115,0.034782608695652174,4,2,2,293,0.11945392491467577,35,-31,0.30434782608695654,False,73.72646905481815,47.43363329768181,121.16010235249996,0.13225395604967918,False,defined,-2853/293,6230/293
historical_observation,False,ministral,7223-7224,paid_direct,121.29235630854964,272,0.1213235294117647,33,14,19,293,0.11945392491467577,35,-2,0.12867647058823528,False,8.543107793480157,112.34652808308601,120.88963587656617,0.4027204319834688,False,defined,149/293,735/293
historical_observation,False,ministral,7223-7224,paid_loss,121.29235630854964,58,0.3793103448275862,22,9,13,293,0.11945392491467577,35,-13,0.603448275862069,False,97.173519500345,24.06451852619648,121.23803802654147,0.054318282008167164,False,defined,4416/293,8225/293
historical_observation,False,ministral,7223-7224,paid_primary,121.29235630854964,45,0.06666666666666667,3,0,3,293,0.11945392491467577,35,-32,0.7777777777777778,False,102.77844431698323,18.448751367628574,121.2271956846118,0.06516062393784343,False,defined,-696/293,8680/293
historical_observation,False,ministral,7223-7224,paid_norm,121.29235630854964,93,0.03225806451612903,3,2,1,293,0.11945392491467577,35,-32,0.3763440860215054,False,82.2674334615469,38.65506109967828,120.92249456122518,0.3698617473244656,False,defined,-2376/293,7000/293
historical_observation,False,ministral,7225-7226,direct,121.29235630854964,300,0.16666666666666666,50,31,19,300,0.16666666666666666,50,0,0.16666666666666666,False,0.0012202560901641846,121.00329577550292,121.00451603159308,0.2878402769565553,False,defined,0,0
historical_observation,False,ministral,7225-7226,loss,121.29235630854964,81,0.49382716049382713,40,27,13,300,0.16666666666666666,50,-10,0.6172839506172839,False,88.79402336850762,32.08039277419448,120.8744161427021,0.41794016584753546,False,defined,53/2,73/2
historical_observation,False,ministral,7225-7226,primary,121.29235630854964,66,0.10606060606060606,7,1,6,300,0.16666666666666666,50,-43,0.7575757575757576,False,94.1423450447619,26.894335113465786,121.03668015822768,0.2556761503219618,False,defined,-4,39
historical_observation,False,ministral,7225-7226,norm,121.29235630854964,119,0.058823529411764705,7,5,2,300,0.16666666666666666,50,-43,0.42016806722689076,False,72.81524941325188,48.26878459751606,121.08403401076794,0.20832229778170638,False,defined,-77/6,181/6
historical_observation,False,ministral,7225-7226,paid_direct,121.29235630854964,280,0.16785714285714284,47,29,18,300,0.16666666666666666,50,-3,0.17857142857142858,False,8.505229041725396,112.76964198425412,121.27487102597952,0.017485282570121784,False,defined,1/3,10/3
historical_observation,False,ministral,7225-7226,paid_loss,121.29235630854964,60,0.5666666666666667,34,23,11,300,0.16666666666666666,50,-16,0.8333333333333334,False,97.29803215414286,23.75102047622204,121.0490526303649,0.24330367818474408,False,defined,24,40
historical_observation,False,ministral,7225-7226,paid_primary,121.29235630854964,45,0.08888888888888889,4,0,4,300,0.16666666666666666,50,-46,1.1111111111111112,True,102.64635383039712,18.41959910839796,121.06595293879508,0.22640336975455516,False,defined,-7/2,85/2
historical_observation,False,ministral,7225-7226,paid_norm,121.29235630854964,98,0.061224489795918366,6,4,2,300,0.16666666666666666,50,-44,0.5102040816326531,False,81.31925819888711,39.907963287085295,121.22722148597241,0.06513482257723957,False,defined,-31/3,101/3
historical_observation,False,ministral,7227-7228,direct,121.29235630854964,296,0.19256756756756757,57,33,24,296,0.19256756756756757,57,0,0.19256756756756757,False,0.002331431955099106,121.26961252093315,121.27194395288825,0.020412355661389853,False,defined,0,0
historical_observation,False,ministral,7227-7228,loss,121.29235630854964,82,0.6097560975609756,50,36,14,296,0.19256756756756757,57,-7,0.6951219512195121,False,87.94654962047935,33.03733317926526,120.9838827997446,0.3084735088050353,False,defined,5063/148,6099/148
historical_observation,False,ministral,7227-7228,primary,121.29235630854964,68,0.3382352941176471,23,12,11,296,0.19256756756756757,57,-34,0.8382352941176471,False,93.51957738026977,27.585265643894672,121.10484302416444,0.18751328438520054,False,defined,733/74,3249/74
historical_observation,False,ministral,7227-7228,norm,121.29235630854964,116,0.1810344827586207,21,15,6,296,0.19256756756756757,57,-36,0.49137931034482757,False,73.43472170084715,47.41401632130146,120.84873802214861,0.44361828640102685,False,defined,-99/74,2565/74
historical_observation,False,ministral,7227-7228,paid_direct,121.29235630854964,276,0.19927536231884058,55,33,22,296,0.19256756756756757,57,-2,0.20652173913043478,False,8.398191244155168,112.84229707717896,121.24048832133413,0.051867987215516866,False,defined,137/74,285/74
historical_observation,False,ministral,7227-7228,paid_loss,121.29235630854964,62,0.5806451612903226,36,31,5,296,0.19256756756756757,57,-21,0.9193548387096774,False,96.34240943267942,24.892555352300406,121.23496478497982,0.05739152356982144,False,defined,3561/148,6669/148
historical_observation,False,ministral,7227-7228,paid_primary,121.29235630854964,47,0.3404255319148936,16,7,9,296,0.19256756756756757,57,-41,1.2127659574468086,True,101.91543719246984,19.075552124530077,120.99098931699992,0.30136699154972696,False,defined,2057/296,14193/296
historical_observation,False,ministral,7227-7228,paid_norm,121.29235630854964,96,0.1875,18,12,6,296,0.19256756756756757,57,-39,0.59375,False,81.83058151304722,39.24802317470312,121.07860468775034,0.213751620799297,False,defined,-18/37,1425/37
historical_observation,False,ministral,7229-7230,direct,121.29235630854964,280,0.2357142857142857,66,48,18,280,0.2357142857142857,66,0,0.2357142857142857,False,0.0013247393071651459,120.99106996506453,120.99239470437169,0.29996160417794926,False,defined,0,0
historical_observation,False,ministral,7229-7230,loss,121.29235630854964,74,0.3783783783783784,28,12,16,280,0.2357142857142857,66,-38,0.8918918918918919,False,87.4878083691001,33.26962001621723,120.75742838531733,0.5349279232323193,False,defined,739/70,3399/70
historical_observation,False,ministral,7229-7230,primary,121.29235630854964,65,0.13846153846153847,9,3,6,280,0.2357142857142857,66,-57,1.0153846153846153,True,93.97954881191254,26.792494546622038,120.77204335853457,0.5203129500150647,False,defined,-177/28,1419/28
historical_observation,False,ministral,7229-7230,norm,121.29235630854964,112,0.09821428571428571,11,9,2,280,0.2357142857142857,66,-55,0.5892857142857143,False,73.70973858237267,47.160782407969236,120.8705209903419,0.42183531820773607,False,defined,-77/5,198/5
historical_observation,False,ministral,7229-7230,paid_direct,121.29235630854964,261,0.23371647509578544,61,46,15,280,0.2357142857142857,66,-5,0.25287356321839083,False,8.541843228787183,112.40146096423268,120.94330419301987,0.34905211552977355,False,defined,-73/140,627/140
historical_observation,False,ministral,7229-7230,paid_loss,121.29235630854964,56,0.375,21,9,12,280,0.2357142857142857,66,-45,1.1785714285714286,True,96.0283268585801,25.02009916678071,121.04842602536081,0.24393028318882293,False,defined,39/5,264/5
historical_observation,False,ministral,7229-7230,paid_primary,121.29235630854964,45,0.08888888888888889,4,1,3,280,0.2357142857142857,66,-62,1.4666666666666666,True,102.52006730139256,18.568240258842707,121.08830756023526,0.20404874831437794,False,defined,-185/28,1551/28
historical_observation,False,ministral,7229-7230,paid_norm,121.29235630854964,92,0.10869565217391304,10,8,2,280,0.2357142857142857,66,-56,0.717391304347826,False,82.25025707185269,38.77161641791463,121.02187348976732,0.27048281878232544,False,defined,-409/35,1551/35
historical_observation,False,ministral,7231-7232,direct,121.29235630854964,295,0.1288135593220339,38,19,19,295,0.1288135593220339,38,0,0.1288135593220339,False,0.002033799886703491,121.03176543489099,121.03379923477769,0.2585570737719508,False,defined,0,0
historical_observation,False,ministral,7231-7232,loss,121.29235630854964,79,0.4936708860759494,39,21,18,295,0.1288135593220339,38,1,0.4810126582278481,False,88.27786076441407,32.583037596195936,120.86089836061001,0.43145794793963266,False,defined,8503/295,8208/295
historical_observation,False,ministral,7231-7232,primary,121.29235630854964,67,0.23880597014925373,16,4,12,295,0.1288135593220339,38,-22,0.5671641791044776,False,93.86621903255582,27.274349853396416,121.14056888595223,0.15178742259740186,False,defined,2174/295,8664/295
historical_observation,False,ministral,7231-7232,norm,121.29235630854964,116,0.06896551724137931,8,2,6,295,0.1288135593220339,38,-30,0.3275862068965517,False,73.55577397346497,47.36862299218774,120.9243969656527,0.3679593428969331,False,defined,-2048/295,6802/295
historical_observation,False,ministral,7231-7232,paid_direct,121.29235630854964,275,0.13454545454545455,37,18,19,295,0.1288135593220339,38,-1,0.13818181818181818,False,8.534181513637304,112.66562947258353,121.19981098622084,0.09254532232880402,False,defined,93/59,152/59
historical_observation,False,ministral,7231-7232,paid_loss,121.29235630854964,59,0.4576271186440678,27,17,10,295,0.1288135593220339,38,-11,0.6440677966101694,False,96.81000847816468,24.28001619502902,121.0900246731937,0.20233163535594867,False,defined,97/5,152/5
historical_observation,False,ministral,7231-7232,paid_primary,121.29235630854964,46,0.21739130434782608,10,2,8,295,0.1288135593220339,38,-28,0.8260869565217391,False,102.39836674630642,18.702124163508415,121.10049090981484,0.19186539873480243,False,defined,1202/295,9462/295
historical_observation,False,ministral,7231-7232,paid_norm,121.29235630854964,96,0.0625,6,2,4,295,0.1288135593220339,38,-32,0.3958333333333333,False,82.08792168721557,39.1986172683537,121.28653895556927,0.005817352980370998,False,defined,-1878/295,7562/295
historical_observation,False,qwen35,7301-7302,direct,377.01336746290326,400,0.09,36,16,20,400,0.09,36,0,0.09,False,0.002157103270292282,362.93670819327235,362.93886529654264,14.074502166360617,False,defined,0,0
historical_observation,False,qwen35,7301-7302,loss,377.01336746290326,79,0.3670886075949367,29,11,18,400,0.09,36,-7,0.45569620253164556,False,305.12169213965535,70.98114605993032,376.1028381995857,0.9105292633175712,False,defined,2189/100,2889/100
historical_observation,False,qwen35,7301-7302,primary,377.01336746290326,91,0.1978021978021978,18,4,14,400,0.09,36,-18,0.3956043956043956,False,294.56967731937766,81.78272190317512,376.3523992225528,0.6609682403504611,False,defined,981/100,2781/100
historical_observation,False,qwen35,7301-7302,norm,377.01336746290326,97,0.15463917525773196,15,7,8,400,0.09,36,-21,0.3711340206185567,False,288.45306415483356,87.87062793597579,376.32369209080935,0.6896753720938964,False,defined,627/100,2727/100
historical_observation,False,qwen35,7301-7302,paid_direct,377.01336746290326,389,0.09254498714652956,36,16,20,400,0.09,36,0,0.09254498714652956,False,23.527262340299785,353.1210735887289,376.6483359290287,0.36503153387457143,False,defined,99/100,99/100
historical_observation,False,qwen35,7301-7302,paid_loss,377.01336746290326,53,0.41509433962264153,22,8,14,400,0.09,36,-14,0.6792452830188679,False,328.64679737668484,47.98077827692032,376.62757565360516,0.3857918092980841,False,defined,1723/100,3123/100
historical_observation,False,qwen35,7301-7302,paid_primary,377.01336746290326,65,0.26153846153846155,17,4,13,400,0.09,36,-19,0.5538461538461539,False,318.09478255640715,58.07202769815922,376.16681025456637,0.8465572083368659,False,defined,223/20,603/20
historical_observation,False,qwen35,7301-7302,paid_norm,377.01336746290326,71,0.16901408450704225,12,7,5,400,0.09,36,-24,0.5070422535211268,False,311.97816939186305,64.18137744814157,376.1595468400046,0.8538206228986186,False,defined,561/100,2961/100
historical_observation,False,qwen35,7303-7304,direct,377.01336746290326,400,0.1375,55,39,16,400,0.1375,55,0,0.1375,False,0.0023311227560043335,362.838874604553,362.841205727309,14.17216173559427,False,defined,0,0
historical_observation,False,qwen35,7303-7304,loss,377.01336746290326,82,0.5121951219512195,42,33,9,400,0.1375,55,-13,0.6707317073170732,False,303.0822543017566,73.44198237732053,376.52423667907715,0.48913078382611286,False,defined,1229/40,1749/40
historical_observation,False,qwen35,7303-7304,primary,377.01336746290326,92,0.2391304347826087,22,13,9,400,0.1375,55,-33,0.5978260869565217,False,292.95235612615943,83.44698604941368,376.3993421755731,0.6140252873301503,False,defined,187/20,847/20
historical_observation,False,qwen35,7303-7304,norm,377.01336746290326,100,0.21,21,17,4,400,0.1375,55,-34,0.55,False,285.89090928062797,90.70655900612473,376.5974682867527,0.4158991761505568,False,defined,29/4,165/4
historical_observation,False,qwen35,7303-7304,paid_direct,377.01336746290326,392,0.1377551020408163,54,38,16,400,0.1375,55,-1,0.14030612244897958,False,21.2002988262102,355.7445388175547,376.9448376437649,0.06852981913834756,False,defined,1/10,11/10
historical_observation,False,qwen35,7303-7304,paid_loss,377.01336746290326,58,0.5517241379310345,32,26,6,400,0.1375,55,-23,0.9482758620689655,False,324.2802220052108,52.1058778911829,376.3860998963937,0.6272675665095453,False,defined,961/40,1881/40
historical_observation,False,qwen35,7303-7304,paid_primary,377.01336746290326,69,0.21739130434782608,15,7,8,400,0.1375,55,-40,0.7971014492753623,False,314.1503238296136,62.40097447484732,376.55129830446094,0.4620691584423187,False,defined,441/80,3641/80
historical_observation,False,qwen35,7303-7304,paid_norm,377.01336746290326,77,0.23376623376623376,18,14,4,400,0.1375,55,-37,0.7142857142857143,False,307.08887698408216,69.25291812419891,376.3417951082811,0.671572354622182,False,defined,593/80,3553/80
historical_observation,False,qwen35,7305-7306,direct,377.01336746290326,400,0.095,38,14,24,400,0.095,38,0,0.095,False,0.0017762817442417145,362.63506742566824,362.6368437074125,14.376523755490778,False,defined,0,0
historical_observation,False,qwen35,7305-7306,loss,377.01336746290326,79,0.379746835443038,30,10,20,400,0.095,38,-8,0.4810126582278481,False,305.4690842293203,71.17204111814499,376.6411253474653,0.37224211543799796,False,defined,4499/200,6099/200
historical_observation,False,qwen35,7305-7306,primary,377.01336746290326,88,0.17045454545454544,15,1,14,400,0.095,38,-23,0.4318181818181818,False,296.11557349190116,80.15086108446121,376.26643457636237,0.746932886540885,False,defined,166/25,741/25
historical_observation,False,qwen35,7305-7306,norm,377.01336746290326,97,0.17525773195876287,17,7,10,400,0.095,38,-21,0.3917525773195876,False,288.8281928114593,88.06247685849667,376.89066966995597,0.12269779294729392,False,defined,1557/200,5757/200
historical_observation,False,qwen35,7305-7306,paid_direct,377.01336746290326,392,0.09693877551020408,38,14,24,400,0.095,38,0,0.09693877551020408,False,21.494757412932813,355.4529346860945,376.94769209902734,0.06567536387592508,False,defined,19/25,19/25
historical_observation,False,qwen35,7305-7306,paid_loss,377.01336746290326,55,0.4,22,8,14,400,0.095,38,-16,0.6909090909090909,False,326.96206536050886,49.69455635920167,376.65662171971053,0.35674574319274754,False,defined,671/40,1311/40
historical_observation,False,qwen35,7305-7306,paid_primary,377.01336746290326,65,0.2,13,1,12,400,0.095,38,-25,0.5846153846153846,False,317.60855462308973,58.427321054041386,376.0358756771311,0.9774917857721416,False,defined,273/40,1273/40
historical_observation,False,qwen35,7305-7306,paid_norm,377.01336746290326,73,0.1917808219178082,14,6,8,400,0.095,38,-24,0.5205479452054794,False,310.3211739426479,66.24909565970302,376.5702696023509,0.44309786055237355,False,defined,1413/200,6213/200
historical_observation,False,qwen35,7307-7308,direct,377.01336746290326,400,0.0975,39,27,12,400,0.0975,39,0,0.0975,False,0.002340119332075119,362.9793517291546,362.98169184848666,14.031675614416597,False,defined,0,0
historical_observation,False,qwen35,7307-7308,loss,377.01336746290326,80,0.3625,29,17,12,400,0.0975,39,-10,0.4875,False,304.8436839878559,72.04778007790446,376.8914640657604,0.12190339714288866,False,defined,106/5,156/5
historical_observation,False,qwen35,7307-7308,primary,377.01336746290326,92,0.16304347826086957,15,4,11,400,0.0975,39,-24,0.42391304347826086,False,293.80157509073615,82.98301741108298,376.78459250181913,0.22877496108412607,False,defined,603/100,3003/100
historical_observation,False,qwen35,7307-7308,norm,377.01336746290326,103,0.17475728155339806,18,14,4,400,0.0975,39,-21,0.3786407766990291,False,283.8254382573068,92.79498841241002,376.62042666971684,0.392940793186421,False,defined,3183/400,11583/400
historical_observation,False,qwen35,7307-7308,paid_direct,377.01336746290326,392,0.09948979591836735,39,27,12,400,0.0975,39,0,0.09948979591836735,False,20.761387175880373,356.05856215953827,376.81994933541864,0.19341812748461917,False,defined,39/50,39/50
historical_observation,False,qwen35,7307-7308,paid_loss,377.01336746290326,57,0.3508771929824561,20,11,9,400,0.0975,39,-19,0.6842105263157895,False,325.6027310444042,50.987925078719854,376.59065612312406,0.42271133977920017,False,defined,5777/400,13377/400
historical_observation,False,qwen35,7307-7308,paid_primary,377.01336746290326,68,0.16176470588235295,11,1,10,400,0.0975,39,-28,0.5735294117647058,False,314.56062214728445,61.75753643736243,376.3181585846469,0.6952088782563796,False,defined,437/100,3237/100
historical_observation,False,qwen35,7307-7308,paid_norm,377.01336746290326,80,0.1625,13,10,3,400,0.0975,39,-26,0.4875,False,304.5844853138551,72.33600121736526,376.9204865312204,0.09288093168287988,False,defined,26/5,156/5
historical_observation,False,qwen35,7309-7310,direct,377.01336746290326,400,0.11,44,26,18,400,0.11,44,0,0.11,False,0.001343119889497757,359.0365015231073,359.0378446429968,17.975522819906473,False,defined,0,0
historical_observation,False,qwen35,7309-7310,loss,377.01336746290326,79,0.43037974683544306,34,22,12,400,0.11,44,-10,0.5569620253164557,False,305.6724371537566,70.93652357906103,376.60896073281765,0.4044067300856037,False,defined,2531/100,3531/100
historical_observation,False,qwen35,7309-7310,primary,377.01336746290326,91,0.14285714285714285,13,3,10,400,0.11,44,-31,0.4835164835164835,False,295.55099173635244,81.15338928997517,376.7043810263276,0.3089864365756771,False,defined,299/100,3399/100
historical_observation,False,qwen35,7309-7310,norm,377.01336746290326,96,0.13541666666666666,13,9,4,400,0.11,44,-31,0.4583333333333333,False,290.3256797157228,85.86905090510845,376.19473062083125,0.8186368420720089,False,defined,61/25,836/25
historical_observation,False,qwen35,7309-7310,paid_direct,377.01336746290326,396,0.1111111111111111,44,26,18,400,0.11,44,0,0.1111111111111111,False,21.364136743359268,355.467769023031,376.83190576639026,0.18146169651299696,False,defined,11/25,11/25
historical_observation,False,qwen35,7309-7310,paid_loss,377.01336746290326,55,0.43636363636363634,24,17,7,400,0.11,44,-20,0.8,False,327.0352307772264,49.45440588518977,376.48963666241616,0.5237308004870933,False,defined,359/20,759/20
historical_observation,False,qwen35,7309-7310,paid_primary,377.01336746290326,67,0.14925373134328357,10,2,8,400,0.11,44,-34,0.6567164179104478,False,316.9137853598222,59.51290516927838,376.4266905291006,0.5866769338026901,False,defined,263/100,3663/100
historical_observation,False,qwen35,7309-7310,paid_norm,377.01336746290326,73,0.1095890410958904,8,6,2,400,0.11,44,-36,0.6027397260273972,False,311.68847333919257,65.17836149781942,376.866834837012,0.1465326258912669,False,defined,-3/100,3597/100
historical_observation,False,qwen35,7311-7312,direct,377.01336746290326,400,0.1175,47,23,24,400,0.1175,47,0,0.1175,False,0.002378500998020172,362.32305788993835,362.3254363909364,14.687931071966885,False,defined,0,0
historical_observation,False,qwen35,7311-7312,loss,377.01336746290326,79,0.43037974683544306,34,19,15,400,0.1175,47,-13,0.5949367088607594,False,304.8614256605506,71.74610256031156,376.60752822086215,0.40583924204108907,False,defined,9887/400,15087/400
historical_observation,False,qwen35,7311-7312,primary,377.01336746290326,90,0.2222222222222222,20,5,15,400,0.1175,47,-27,0.5222222222222223,False,295.7481784708798,80.67653037980199,376.4247088506818,0.5886586122214506,False,defined,377/40,1457/40
historical_observation,False,qwen35,7311-7312,norm,377.01336746290326,100,0.2,20,12,8,400,0.1175,47,-27,0.47,False,286.8573150150478,89.98200898617506,376.83932400122285,0.17404346168041057,False,defined,33/4,141/4
historical_observation,False,qwen35,7311-7312,paid_direct,377.01336746290326,392,0.11989795918367346,47,23,24,400,0.1175,47,0,0.11989795918367346,False,21.09218095522374,355.04733711108565,376.1395180663094,0.8738493965938667,False,defined,47/50,47/50
historical_observation,False,qwen35,7311-7312,paid_loss,377.01336746290326,55,0.45454545454545453,25,15,10,400,0.1175,47,-22,0.8545454545454545,False,325.9512281147763,50.369723442941904,376.3209515577182,0.692415905185021,False,defined,1483/80,3243/80
historical_observation,False,qwen35,7311-7312,paid_primary,377.01336746290326,67,0.23880597014925373,16,3,13,400,0.1175,47,-31,0.7014925373134329,False,316.83798092510557,60.03489976003766,376.87288068514323,0.1404867777600585,False,defined,3251/400,15651/400
historical_observation,False,qwen35,7311-7312,paid_norm,377.01336746290326,76,0.19736842105263158,15,8,7,400,0.1175,47,-32,0.618421052631579,False,307.9471174692735,68.56684146821499,376.5139589374885,0.49940852541476205,False,defined,607/100,3807/100
historical_observation,False,qwen35,7313-7314,direct,377.01336746290326,400,0.1175,47,22,25,400,0.1175,47,0,0.1175,False,0.0009883902966976166,357.4085461087525,357.4095344990492,19.603832963854074,False,defined,0,0
historical_observation,False,qwen35,7313-7314,loss,377.01336746290326,77,0.4675324675324675,36,21,15,400,0.1175,47,-11,0.6103896103896104,False,307.90356954559684,68.64776293933392,376.55133248493075,0.4620349779725156,False,defined,10781/400,15181/400
historical_observation,False,qwen35,7313-7314,primary,377.01336746290326,100,0.21,21,6,15,400,0.1175,47,-26,0.47,False,288.4446494206786,88.39732603356242,376.84197545424104,0.17139200866221158,False,defined,37/4,141/4
historical_observation,False,qwen35,7313-7314,norm,377.01336746290326,104,0.19230769230769232,20,9,11,400,0.1175,47,-27,0.4519230769230769,False,283.2068759538233,92.60407107695937,375.8109470307827,1.2024204321205632,False,defined,389/50,1739/50
historical_observation,False,qwen35,7313-7314,paid_direct,377.01336746290326,398,0.11809045226130653,47,22,25,400,0.1175,47,0,0.11809045226130653,False,21.24421591218561,355.62153390422463,376.86574981641024,0.14761764649301917,False,defined,47/200,47/200
historical_observation,False,qwen35,7313-7314,paid_loss,377.01336746290326,53,0.5094339622641509,27,17,10,400,0.1175,47,-20,0.8867924528301887,False,329.14679706748575,47.51570841297507,376.6625054804608,0.3508619824424484,False,defined,8309/400,16309/400
historical_observation,False,qwen35,7313-7314,paid_primary,377.01336746290326,75,0.25333333333333335,19,5,14,400,0.1175,47,-28,0.6266666666666667,False,309.6878769425675,66.51028223708272,376.19815917965025,0.8152082832530035,False,defined,163/16,611/16
historical_observation,False,qwen35,7313-7314,paid_norm,377.01336746290326,81,0.20987654320987653,17,8,9,400,0.1175,47,-30,0.5802469135802469,False,304.45010347571224,72.09866493195295,376.5487684076652,0.46459905523807155,False,defined,2993/400,14993/400
historical_observation,False,qwen35,7315-7316,direct,377.01336746290326,400,0.1325,53,19,34,400,0.1325,53,0,0.1325,False,0.002381402999162674,366.6146021336317,366.61698353663087,10.39638392627239,False,defined,0,0
historical_observation,False,qwen35,7315-7316,loss,377.01336746290326,79,0.4810126582278481,38,12,26,400,0.1325,53,-15,0.6708860759493671,False,304.73713551834226,71.7096382342279,376.44677375257015,0.5665937103331053,False,defined,11013/400,17013/400
historical_observation,False,qwen35,7315-7316,primary,377.01336746290326,87,0.19540229885057472,17,1,16,400,0.1325,53,-36,0.6091954022988506,False,296.74481788277626,79.700039986521,376.44485786929727,0.5685095936059914,False,defined,2189/400,16589/400
historical_observation,False,qwen35,7315-7316,norm,377.01336746290326,100,0.2,20,7,13,400,0.1325,53,-33,0.53,False,284.7995517253876,92.12297498062253,376.9225267060101,0.09084075689315889,False,defined,27/4,159/4
historical_observation,False,qwen35,7315-7316,paid_direct,377.01336746290326,388,0.12371134020618557,48,17,31,400,0.1325,53,-5,0.13659793814432988,False,20.869418817572296,356.0894110612571,376.9588298788294,0.05453758407384063,False,defined,-341/100,159/100
historical_observation,False,qwen35,7315-7316,paid_loss,377.01336746290326,56,0.5535714285714286,31,11,20,400,0.1325,53,-22,0.9464285714285714,False,325.6041729329154,51.235528480261564,376.83970141317695,0.1736660497263038,False,defined,1179/50,2279/50
historical_observation,False,qwen35,7315-7316,paid_primary,377.01336746290326,64,0.21875,14,0,14,400,0.1325,53,-39,0.828125,False,317.6118552973494,58.64933946356177,376.26119476091117,0.752172701992091,False,defined,138/25,1113/25
historical_observation,False,qwen35,7315-7316,paid_norm,377.01336746290326,76,0.21052631578947367,16,6,10,400,0.1325,53,-37,0.6973684210526315,False,305.6665891399607,71.00711036846042,376.6736995084211,0.3396679544821392,False,defined,593/100,4293/100
historical_observation,False,qwen35,7317-7318,direct,377.01336746290326,400,0.125,50,22,28,400,0.125,50,0,0.125,False,0.0023927614092826843,352.56740018725395,352.56979294866323,24.443574514240023,False,defined,0,0
historical_observation,False,qwen35,7317-7318,loss,377.01336746290326,76,0.5131578947368421,39,19,20,400,0.125,50,-11,0.6578947368421053,False,309.9975464232266,66.74762317165732,376.7451695948839,0.2681978680193438,False,defined,59/2,81/2
historical_observation,False,qwen35,7317-7318,primary,377.01336746290326,100,0.22,22,4,18,400,0.125,50,-28,0.5,False,288.86548007652164,87.82504034042358,376.6905204169452,0.32284704595804,False,defined,19/2,75/2
historical_observation,False,qwen35,7317-7318,norm,377.01336746290326,108,0.2037037037037037,22,11,11,400,0.125,50,-28,0.46296296296296297,False,281.8321559615433,94.8918702416122,376.7240262031555,0.28934125974774544,False,defined,17/2,73/2
historical_observation,False,qwen35,7317-7318,paid_direct,377.01336746290326,400,0.125,50,22,28,400,0.125,50,0,0.125,False,21.353931359015405,352.56740018725395,373.92133154626936,3.092035916633902,False,defined,0,0
historical_observation,False,qwen35,7317-7318,paid_loss,377.01336746290326,52,0.5576923076923077,29,14,15,400,0.125,50,-21,0.9615384615384616,False,331.3490850208327,45.660807099193335,377.00989212002605,0.0034753428772111867,False,defined,45/2,87/2
historical_observation,False,qwen35,7317-7318,paid_primary,377.01336746290326,75,0.24,18,2,16,400,0.125,50,-32,0.6666666666666666,False,310.21701867412776,66.04531071707606,376.2623293912038,0.7510380716994388,False,defined,69/8,325/8
historical_observation,False,qwen35,7317-7318,paid_norm,377.01336746290326,83,0.2289156626506024,19,10,9,400,0.125,50,-31,0.6024096385542169,False,303.18369455914944,73.05963343009353,376.24332798924297,0.7700394736602925,False,defined,69/8,317/8
historical_observation,False,qwen35,7319-7320,direct,377.01336746290326,400,0.1125,45,25,20,400,0.1125,45,0,0.1125,False,0.0009937360882759094,358.70305521786213,358.7040489539504,18.309318508952853,False,defined,0,0
historical_observation,False,qwen35,7319-7320,loss,377.01336746290326,83,0.40963855421686746,34,19,15,400,0.1125,45,-11,0.5421686746987951,False,303.1875564791262,73.73450183495879,376.922058314085,0.0913091488182282,False,defined,1973/80,2853/80
historical_observation,False,qwen35,7319-7320,primary,377.01336746290326,95,0.18947368421052632,18,5,13,400,0.1125,45,-27,0.47368421052631576,False,292.481636993587,83.67084128782153,376.15247828140855,0.8608891814947162,False,defined,117/16,549/16
historical_observation,False,qwen35,7319-7320,norm,377.01336746290326,104,0.14423076923076922,15,11,4,400,0.1125,45,-30,0.4326923076923077,False,284.7511537335813,91.85197136551142,376.6031250990927,0.41024236381053286,False,defined,33/10,333/10
historical_observation,False,qwen35,7319-7320,paid_direct,377.01336746290326,396,0.11363636363636363,45,25,20,400,0.1125,45,0,0.11363636363636363,False,21.375074579380453,355.0274748131633,376.40254939254373,0.6108180703595255,False,defined,9/20,9/20
historical_observation,False,qwen35,7319-7320,paid_loss,377.01336746290326,59,0.4915254237288136,29,15,14,400,0.1125,45,-16,0.7627118644067796,False,324.5616373224184,52.15292135998607,376.71455868240446,0.2988087804987763,False,defined,1789/80,3069/80
historical_observation,False,qwen35,7319-7320,paid_primary,377.01336746290326,71,0.19718309859154928,14,3,11,400,0.1125,45,-31,0.6338028169014085,False,313.8557178368792,62.57433591037989,376.4300537472591,0.5833137156441838,False,defined,481/80,2961/80
historical_observation,False,qwen35,7319-7320,paid_norm,377.01336746290326,80,0.1625,13,10,3,400,0.1125,45,-32,0.5625,False,306.1252345768735,70.30682833865285,376.43206291552633,0.5813045473769243,False,defined,4,36
historical_observation,False,qwen35,7321-7322,direct,377.01336746290326,400,0.1575,63,47,16,400,0.1575,63,0,0.1575,False,0.0023747198283672333,363.57325818762183,363.5756329074502,13.43773455545306,False,defined,0,0
historical_observation,False,qwen35,7321-7322,loss,377.01336746290326,73,0.5068493150684932,37,30,7,400,0.1575,63,-26,0.863013698630137,False,310.4860817976296,65.6722051165998,376.1582869142294,0.8550805486738765,False,defined,10201/400,20601/400
historical_observation,False,qwen35,7321-7322,primary,377.01336746290326,92,0.16304347826086957,15,8,7,400,0.1575,63,-48,0.6847826086956522,False,293.4251206405461,83.10837038606405,376.53349102661014,0.47987643629312626,False,defined,51/100,4851/100
historical_observation,False,qwen35,7321-7322,norm,377.01336746290326,100,0.22,22,20,2,400,0.1575,63,-41,0.63,False,286.7824602164328,89.83314298838377,376.6156032048166,0.3977642580866774,False,defined,25/4,189/4
historical_observation,False,qwen35,7321-7322,paid_direct,377.01336746290326,391,0.15601023017902813,61,45,16,400,0.1575,63,-2,0.16112531969309463,False,21.290066014043987,355.39822021499276,376.68828622903675,0.3250812338665114,False,defined,-233/400,567/400
historical_observation,False,qwen35,7321-7322,paid_loss,377.01336746290326,50,0.6,30,25,5,400,0.1575,63,-33,1.26,True,331.7737730918452,44.95049333199859,376.7242664238438,0.28910103905946805,False,defined,177/8,441/8
historical_observation,False,qwen35,7321-7322,paid_primary,377.01336746290326,68,0.16176470588235295,11,6,5,400,0.1575,63,-52,0.9264705882352942,False,314.7128119347617,61.40771225467324,376.12052418943495,0.8928432734683162,False,defined,29/100,5229/100
historical_observation,False,qwen35,7321-7322,paid_norm,377.01336746290326,76,0.2236842105263158,17,16,1,400,0.1575,63,-46,0.8289473684210527,False,308.07015151064843,68.40677342936397,376.4769249400124,0.5364425228908615,False,defined,503/100,5103/100
historical_observation,False,qwen35,7323-7324,direct,377.01336746290326,400,0.1075,43,26,17,400,0.1075,43,0,0.1075,False,0.0023474059998989105,353.8083294779062,353.8106768839061,23.202690578997135,False,defined,0,0
historical_observation,False,qwen35,7323-7324,loss,377.01336746290326,85,0.4117647058823529,35,21,14,400,0.1075,43,-8,0.5058823529411764,False,302.51987643912435,73.91022175177932,376.43009819090366,0.5832692719995933,False,defined,2069/80,2709/80
historical_observation,False,qwen35,7323-7324,primary,377.01336746290326,103,0.20388349514563106,21,7,14,400,0.1075,43,-22,0.4174757281553398,False,286.0136907286942,90.14335757493973,376.1570483036339,0.8563191592693284,False,defined,3971/400,12771/400
historical_observation,False,qwen35,7323-7324,norm,377.01336746290326,112,0.1875,21,13,8,400,0.1075,43,-22,0.38392857142857145,False,278.0350852906704,98.09308673068881,376.1281720213592,0.8851954415440382,False,defined,224/25,774/25
historical_observation,False,qwen35,7323-7324,paid_direct,377.01336746290326,400,0.1075,43,26,17,400,0.1075,43,0,0.1075,False,21.228565285913646,353.8083294779062,375.0368947638199,1.976472699083387,False,defined,0,0
historical_observation,False,qwen35,7323-7324,paid_loss,377.01336746290326,61,0.45901639344262296,28,17,11,400,0.1075,43,-15,0.7049180327868853,False,323.7460943190381,52.725723780691624,376.4718180997297,0.5415493631735406,False,defined,8577/400,14577/400
historical_observation,False,qwen35,7323-7324,paid_primary,377.01336746290326,79,0.22784810126582278,18,7,11,400,0.1075,43,-25,0.5443037974683544,False,307.23990860860795,69.2411306835711,376.48103929217905,0.5323281707242089,False,defined,3803/400,13803/400
historical_observation,False,qwen35,7323-7324,paid_norm,377.01336746290326,88,0.18181818181818182,16,11,5,400,0.1075,43,-27,0.48863636363636365,False,299.26130317058414,76.88212925568223,376.1434324262664,0.8699350366368712,False,defined,327/50,1677/50
historical_observation,False,qwen35,7325-7326,direct,377.01336746290326,400,0.095,38,23,15,400,0.095,38,0,0.095,False,0.0021960847079753876,363.0023331940174,363.0045292787254,14.008838184177876,False,defined,0,0
historical_observation,False,qwen35,7325-7326,loss,377.01336746290326,85,0.32941176470588235,28,18,10,400,0.095,38,-10,0.4470588235294118,False,299.7274516187608,76.67245330289006,376.3999049216509,0.6134625412523753,False,defined,797/40,1197/40
historical_observation,False,qwen35,7325-7326,primary,377.01336746290326,93,0.0967741935483871,9,3,6,400,0.095,38,-29,0.40860215053763443,False,291.90751611441374,85.05432599037886,376.9618421047926,0.05152535811066188,False,defined,33/200,5833/200
historical_observation,False,qwen35,7325-7326,norm,377.01336746290326,99,0.13131313131313133,13,8,5,400,0.095,38,-25,0.3838383838383838,False,286.6286728195846,89.71550063788891,376.3441734574735,0.6691940054297432,False,defined,719/200,5719/200
historical_observation,False,qwen35,7325-7326,paid_direct,377.01336746290326,391,0.09462915601023018,37,22,15,400,0.095,38,-1,0.09718670076726342,False,21.618266842328012,354.87623151019216,376.49449835252017,0.5188691103830924,False,defined,-29/200,171/200
historical_observation,False,qwen35,7325-7326,paid_loss,377.01336746290326,61,0.4426229508196721,27,18,9,400,0.095,38,-11,0.6229508196721312,False,321.34352237638086,54.86630257591605,376.2098249522969,0.8035425106063487,False,defined,4241/200,6441/200
historical_observation,False,qwen35,7325-7326,paid_primary,377.01336746290326,70,0.08571428571428572,6,1,5,400,0.095,38,-32,0.5428571428571428,False,313.5235868720338,63.47596121951938,376.99954809155315,0.013819371350104685,False,defined,-13/20,627/20
historical_observation,False,qwen35,7325-7326,paid_norm,377.01336746290326,76,0.10526315789473684,8,5,3,400,0.095,38,-30,0.5,False,308.24474357720464,68.54654064029455,376.7912842174992,0.2220832454040628,False,defined,39/50,1539/50
historical_observation,False,qwen35,7327-7328,direct,377.01336746290326,400,0.07,28,13,15,400,0.07,28,0,0.07,False,0.002157069742679596,365.6982281729579,365.7003852427006,11.312982220202684,False,defined,0,0
historical_observation,False,qwen35,7327-7328,loss,377.01336746290326,70,0.3142857142857143,22,9,13,400,0.07,28,-6,0.4,False,312.9474496804178,63.67958429828286,376.62703397870064,0.38633348420263447,False,defined,171/10,231/10
historical_observation,False,qwen35,7327-7328,primary,377.01336746290326,90,0.1,9,1,8,400,0.07,28,-19,0.3111111111111111,False,294.87117187306285,81.71761351823807,376.5887853913009,0.4245820716023428,False,defined,27/10,217/10
historical_observation,False,qwen35,7327-7328,norm,377.01336746290326,100,0.1,10,3,7,400,0.07,28,-18,0.28,False,285.7545770853758,91.12751323729753,376.8820903226733,0.13127714022994905,False,defined,3,21
historical_observation,False,qwen35,7327-7328,paid_direct,377.01336746290326,389,0.06426735218508997,25,11,14,400,0.07,28,-3,0.07197943444730077,False,21.35660000424832,355.62711952254176,376.9837195267901,0.029647936113179302,False,defined,-223/100,77/100
historical_observation,False,qwen35,7327-7328,paid_loss,377.01336746290326,46,0.41304347826086957,19,9,10,400,0.07,28,-9,0.6086956521739131,False,334.3018926149234,42.45251468941569,376.7544073043391,0.2589601585641629,False,defined,789/50,1239/50
historical_observation,False,qwen35,7327-7328,paid_primary,377.01336746290326,66,0.13636363636363635,9,1,8,400,0.07,28,-19,0.42424242424242425,False,316.2256148075685,60.24762365221977,376.47323845978826,0.5401290031149979,False,defined,219/50,1169/50
historical_observation,False,qwen35,7327-7328,paid_norm,377.01336746290326,76,0.06578947368421052,5,1,4,400,0.07,28,-23,0.3684210526315789,False,307.1090200198814,69.0583243407309,376.16734436061233,0.8460231022909385,False,defined,-8/25,567/25
historical_observation,False,qwen35,7329-7330,direct,377.01336746290326,400,0.085,34,18,16,400,0.085,34,0,0.085,False,0.00147213414311409,357.9718929119408,357.9733650460839,19.040002416819334,False,defined,0,0
historical_observation,False,qwen35,7329-7330,loss,377.01336746290326,90,0.28888888888888886,26,13,13,400,0.085,34,-8,0.37777777777777777,False,296.06494890898466,80.36861921846867,376.4335681274533,0.579799335449933,False,defined,367/20,527/20
historical_observation,False,qwen35,7329-7330,primary,377.01336746290326,94,0.10638297872340426,10,3,7,400,0.085,34,-24,0.3617021276595745,False,293.2890540584922,83.51366426050663,376.8027183189988,0.21064914390443332,False,defined,201/100,2601/100
historical_observation,False,qwen35,7329-7330,norm,377.01336746290326,108,0.12962962962962962,14,7,7,400,0.085,34,-20,0.3148148148148148,False,281.5465208925307,95.23293513804674,376.7794560305774,0.23391143232582123,False,defined,241/50,1241/50
historical_observation,False,qwen35,7329-7330,paid_direct,377.01336746290326,398,0.08542713567839195,34,18,16,400,0.085,34,0,0.08542713567839195,False,20.69583726953715,356.2029288299382,376.8987660994753,0.11460136342793611,False,defined,17/100,17/100
historical_observation,False,qwen35,7329-7330,paid_loss,377.01336746290326,67,0.29850746268656714,20,11,9,400,0.085,34,-14,0.5074626865671642,False,316.7593140443787,60.196583576500416,376.9558976208791,0.05746984202414615,False,defined,2861/200,5661/200
historical_observation,False,qwen35,7329-7330,paid_primary,377.01336746290326,71,0.1267605633802817,9,2,7,400,0.085,34,-25,0.4788732394366197,False,313.9834191938862,62.797107212245464,376.7805264061317,0.23284105677156203,False,defined,593/200,5593/200
historical_observation,False,qwen35,7329-7330,paid_norm,377.01336746290326,85,0.12941176470588237,11,5,6,400,0.085,34,-23,0.4,False,302.2408860279247,74.43402487412095,376.67491090204567,0.33845656085757503,False,defined,151/40,1071/40
historical_observation,False,qwen35,7331-7332,direct,377.01336746290326,400,0.075,30,18,12,400,0.075,30,0,0.075,False,0.002483285963535309,364.20581106469035,364.2082943506539,12.805073112249373,False,defined,0,0
historical_observation,False,qwen35,7331-7332,loss,377.01336746290326,81,0.2839506172839506,23,14,9,400,0.075,30,-7,0.37037037037037035,False,303.5721247382462,73.4108120650053,376.9829368032515,0.030430659651759433,False,defined,677/40,957/40
historical_observation,False,qwen35,7331-7332,primary,377.01336746290326,87,0.12643678160919541,11,4,7,400,0.075,30,-19,0.3448275862068966,False,297.55053792893887,78.64244971051812,376.192987639457,0.8203798234462738,False,defined,179/40,939/40
historical_observation,False,qwen35,7331-7332,norm,377.01336746290326,96,0.11458333333333333,11,6,5,400,0.075,30,-19,0.3125,False,290.30067133903503,86.65014990791678,376.9508212469518,0.06254621595144536,False,defined,19/5,114/5
historical_observation,False,qwen35,7331-7332,paid_direct,377.01336746290326,389,0.07455012853470437,29,17,12,400,0.075,30,-1,0.07712082262210797,False,22.564225806854665,354.1172162331641,376.68144204001874,0.33192542288452237,False,defined,-7/40,33/40
historical_observation,False,qwen35,7331-7332,paid_loss,377.01336746290326,55,0.34545454545454546,19,11,8,400,0.075,30,-11,0.5454545454545454,False,326.13386725913733,50.14560382813215,376.2794710872695,0.7338963756337797,False,defined,119/8,207/8
historical_observation,False,qwen35,7331-7332,paid_primary,377.01336746290326,62,0.16129032258064516,10,3,7,400,0.075,30,-20,0.4838709677419355,False,320.11228044983,56.63934502750635,376.75162547733635,0.2617419855669144,False,defined,107/20,507/20
historical_observation,False,qwen35,7331-7332,paid_norm,377.01336746290326,70,0.11428571428571428,8,6,2,400,0.075,30,-22,0.42857142857142855,False,312.86241385992616,63.44096574932337,376.30337960924953,0.7099878536537315,False,defined,11/4,99/4
